Input,Prediction,Target,Correct
ankit,अंकित,अंकित,True
ankon,अंकों,अंकों,True
angaarak,अंगारक,अंगारक,True
andhapan,अंधापन,अंधापन,True
ambaani,अंबानी,अंबानी,True
ambani,अंबानी,अंबानी,True
agsta,अगस्ता,अगस्ता,True
agyaat,अज्ञात,अज्ञात,True
atkata,अटकता,अटकता,True
anukulata,अनुकूलता,अनुकूलता,True
anuprayogon,अनुप्रयोगों,अनुप्रयोगों,True
aparivartansheel,अपरिवर्तनशील,अपरिवर्तनशील,True
aparivartanshil,अपरिवर्तनशील,अपरिवर्तनशील,True
apariharya,अपरिहार्य,अपरिहार्य,True
apavartit,अपवर्तित,अपवर्तित,True
apvartit,अपवर्तित,अपवर्तित,True
afroj,अफरोज,अफरोज,True
afroz,अफरोज,अफरोज,True
amargarh,अमरगढ़,अमरगढ़,True
amarpaal,अमरपाल,अमरपाल,True
amarpal,अमरपाल,अमरपाल,True
amarohi,अमरोही,अमरोही,True
agavai,अगवाई,अगवाई,True
agvaai,अगवाई,अगवाई,True
augustine,अगस्टाइन,अगस्टाइन,True
augustustine,अगस्टाइन,अगस्टाइन,True
arjent,अर्जेंट,अर्जेंट,True
avarodhak,अवरोधक,अवरोधक,True
avrodhak,अवरोधक,अवरोधक,True
avarnata,अवर्णता,अवर्णता,True
avarnataa,अवर्णता,अवर्णता,True
avshisht,अवशिष्ट,अवशिष्ट,True
avasthaayen,अवस्थाएं,अवस्थाएं,True
avsthaen,अवस्थाएं,अवस्थाएं,True
avsthayen,अवस्थाएं,अवस्थाएं,True
awasthaen,अवस्थाएं,अवस्थाएं,True
ashvtth,अश्वत्थ,अश्वत्थ,True
asmanye,असमान्य,असमान्य,True
asurakshit,असुरक्षित,असुरक्षित,True
asurkshit,असुरक्षित,असुरक्षित,True
aatmayen,आत्माएं,आत्माएं,True
aapkaa,आपका,आपका,True
aapadaaaen,आपदाएं,आपदाएं,True
aapdaein,आपदाएं,आपदाएं,True
aapdayein,आपदाएं,आपदाएं,True
aamdani,आमदनी,आमदनी,True
aamdi,आमदी,आमदी,True
aayenge,आयेंगे,आयेंगे,True
aayojak,आयोजक,आयोजक,True
aaryika,आर्यिका,आर्यिका,True
aalsi,आलसी,आलसी,True
aalochakon,आलोचकों,आलोचकों,True
aavishkaar,आविष्कार,आविष्कार,True
aavritiyon,आवृत्तियों,आवृत्तियों,True
aavrittiyon,आवृत्तियों,आवृत्तियों,True
aashanka,आशंका,आशंका,True
aastik,आस्तिक,आस्तिक,True
ekatthi,इकठ्ठी,इकठ्ठी,True
ikatthi,इकठ्ठी,इकठ्ठी,True
equador,इक्वाडोर,इक्वाडोर,True
equities,इक्विटीज,इक्विटीज,True
ishaak,इशाक,इशाक,True
ishaara,इशारा,इशारा,True
ishaaraa,इशारा,इशारा,True
ishara,इशारा,इशारा,True
isht,इष्ट,इष्ट,True
uthaakar,उठाकर,उठाकर,True
uthakar,उठाकर,उठाकर,True
utpan,उत्पन,उत्पन,True
upadraviyon,उपद्रवियों,उपद्रवियों,True
updravon,उपद्रवों,उपद्रवों,True
ulemaon,उलेमाओं,उलेमाओं,True
usaki,उसकी,उसकी,True
uski,उसकी,उसकी,True
usmein,उसमें,उसमें,True
ustara,उस्तरा,उस्तरा,True
eksaath,एकसाथ,एकसाथ,True
emil,एमिल,एमिल,True
emile,एमिल,एमिल,True
emily,एमिल,एमिल,True
aerobic,एरोबिक,एरोबिक,True
eliminator,एलिमिनेटर,एलिमिनेटर,True
ester,एस्टर,एस्टर,True
offers,ऑफर्स,ऑफर्स,True
olavrishti,ओलावृष्टि,ओलावृष्टि,True
audhyogikaran,औद्योगिकरण,औद्योगिकरण,True
audyogikarana,औद्योगिकरण,औद्योगिकरण,True
kankad,कंकड़,कंकड़,True
kankar,कंकर,कंकर,True
kambalon,कंबलों,कंबलों,True
kakkad,कक्कड़,कक्कड़,True
cutlery,कटलरी,कटलरी,True
kanishthika,कनिष्ठिका,कनिष्ठिका,True
kanishthikaa,कनिष्ठिका,कनिष्ठिका,True
kanyaein,कन्याएं,कन्याएं,True
kapda,कपड़ा,कपड़ा,True
kpada,कपड़ा,कपड़ा,True
kapdo,कपड़ो,कपड़ो,True
kping,कपिंग,कपिंग,True
kamtar,कमतर,कमतर,True
kamaljeet,कमलजीत,कमलजीत,True
kamaauu,कमाऊ,कमाऊ,True
kamere,कमेरे,कमेरे,True
karoor,करूर,करूर,True
kalpanaon,कल्पनाओं,कल्पनाओं,True
kashton,कष्टों,कष्टों,True
kasrat,कसरत,कसरत,True
kasida,कसीदा,कसीदा,True
kakoo,काकू,काकू,True
karyabhar,कार्यभार,कार्यभार,True
karybhar,कार्यभार,कार्यभार,True
kalika,कालिका,कालिका,True
kasim,कासिम,कासिम,True
qasim,कासिम,कासिम,True
kisaani,किसानी,किसानी,True
kuposhit,कुपोषित,कुपोषित,True
kumavat,कुमावत,कुमावत,True
kumawat,कुमावत,कुमावत,True
kursiyon,कुर्सियों,कुर्सियों,True
caitlyn,कैटलिन,कैटलिन,True
catholicon,कैथोलिकों,कैथोलिकों,True
kaetholikon,कैथोलिकों,कैथोलिकों,True
corolla,कोरोला,कोरोला,True
kaushal,कौशल,कौशल,True
kaushalata,कौशलता,कौशलता,True
kaushalta,कौशलता,कौशलता,True
crick,क्रिक,क्रिक,True
cradle,क्रैडल,क्रैडल,True
chrom,क्रोम,क्रोम,True
chrome,क्रोम,क्रोम,True
classon,क्लासों,क्लासों,True
queens,क्वींस,क्वींस,True
kshetron,क्षेत्रों,क्षेत्रों,True
khajarana,खजराना,खजराना,True
khajraana,खजराना,खजराना,True
khajrana,खजराना,खजराना,True
khatakati,खटकती,खटकती,True
khattapan,खट्टापन,खट्टापन,True
khariya,खरिया,खरिया,True
khalnayak,खलनायक,खलनायक,True
khaen,खाएं,खाएं,True
khayen,खाएं,खाएं,True
khaate,खाते,खाते,True
khaatey,खाते,खाते,True
khinchakar,खिंचकर,खिंचकर,True
khinchkar,खिंचकर,खिंचकर,True
khurapka,खुरपका,खुरपका,True
khaini,खैनी,खैनी,True
gajara,गजरा,गजरा,True
ganapati,गणपति,गणपति,True
ganpati,गणपति,गणपति,True
gatishil,गतिशील,गतिशील,True
gadadhar,गदाधर,गदाधर,True
gaanth,गांठ,गांठ,True
gaanthe,गांठे,गांठे,True
gayen,गाएं,गाएं,True
gayatri,गायत्री,गायत्री,True
gayitri,गायत्री,गायत्री,True
gaytri,गायत्री,गायत्री,True
ginte,गिनते,गिनते,True
girjaghar,गिरजाघर,गिरजाघर,True
girati,गिरती,गिरती,True
girti,गिरती,गिरती,True
gumaan,गुमान,गुमान,True
guman,गुमान,गुमान,True
gruhnagar,गृहनगर,गृहनगर,True
gopichand,गोपीचंद,गोपीचंद,True
gomke,गोमके,गोमके,True
gosvaami,गोस्वामी,गोस्वामी,True
gosvami,गोस्वामी,गोस्वामी,True
goswami,गोस्वामी,गोस्वामी,True
gaumukh,गौमुख,गौमुख,True
greest,ग्रीस्ट,ग्रीस्ट,True
gross,ग्रॉस,ग्रॉस,True
ghataayaa,घटाया,घटाया,True
ghataya,घटाया,घटाया,True
ghoonsa,घूंसा,घूंसा,True
ghunsa,घूंसा,घूंसा,True
ghongha,घोंघा,घोंघा,True
ghontane,घोंटने,घोंटने,True
ghontne,घोंटने,घोंटने,True
chandan,चंदन,चंदन,True
chandramaon,चंद्रमाओं,चंद्रमाओं,True
chakkar,चक्कर,चक्कर,True
chkkar,चक्कर,चक्कर,True
chakshu,चक्षु,चक्षु,True
chadhane,चढ़ने,चढ़ने,True
chadhne,चढ़ने,चढ़ने,True
chaturdik,चतुर्दिक,चतुर्दिक,True
chamakna,चमकना,चमकना,True
chamkana,चमकना,चमकना,True
charchaon,चर्चाओं,चर्चाओं,True
chaalit,चालित,चालित,True
chikitsak,चिकित्सक,चिकित्सक,True
chikitsakon,चिकित्सकों,चिकित्सकों,True
chithrkar,चित्रकार,चित्रकार,True
chitrkar,चित्रकार,चित्रकार,True
chipkane,चिपकने,चिपकने,True
choron,चोरों,चोरों,True
chauka,चौका,चौका,True
chaukiyan,चौकियां,चौकियां,True
chauki,चौकी,चौकी,True
chauguni,चौगुनी,चौगुनी,True
chaudahavan,चौदहवां,चौदहवां,True
chaupal,चौपाल,चौपाल,True
chhagan,छगन,छगन,True
chhavi,छवी,छवी,True
chhupata,छुपता,छुपता,True
chhupta,छुपता,छुपता,True
chhuptaa,छुपता,छुपता,True
chhootane,छूटने,छूटने,True
chhetthri,छेत्री,छेत्री,True
jagayega,जगाएगा,जगाएगा,True
jaghaega,जगाएगा,जगाएगा,True
jgaayega,जगाएगा,जगाएगा,True
jgayegaa,जगाएगा,जगाएगा,True
jadd,जड़,जड़,True
jatara,जतरा,जतरा,True
janajagran,जनजागरण,जनजागरण,True
janjaagran,जनजागरण,जनजागरण,True
janjagran,जनजागरण,जनजागरण,True
janahani,जनहानि,जनहानि,True
jamaaya,जमाया,जमाया,True
jamaeya,जमाया,जमाया,True
jarda,जर्दा,जर्दा,True
jardaa,जर्दा,जर्दा,True
jalte,जलते,जलते,True
jalvayu,जलवायु,जलवायु,True
jalesar,जलेसर,जलेसर,True
jasmeet,जसमीत,जसमीत,True
jasmit,जसमीत,जसमीत,True
jassi,जस्सी,जस्सी,True
jaatakon,जातकों,जातकों,True
jaatkon,जातकों,जातकों,True
jaatiyon,जातियों,जातियों,True
jatiyon,जातियों,जातियों,True
jaankaaron,जानकारों,जानकारों,True
jaayke,जायके,जायके,True
jaawar,जावर,जावर,True
jing,जिंग,जिंग,True
gypsy,जिप्सी,जिप्सी,True
jeenon,जीनों,जीनों,True
jeeyo,जीयो,जीयो,True
jeera,जीरा,जीरा,True
jira,जीरा,जीरा,True
jeevant,जीवंत,जीवंत,True
jivant,जीवंत,जीवंत,True
jeevan,जीवन,जीवन,True
jeewan,जीवन,जीवन,True
jivan,जीवन,जीवन,True
jeevniyaan,जीवनियां,जीवनियां,True
jivaniyaan,जीवनियां,जीवनियां,True
jivaniyan,जीवनियां,जीवनियां,True
jeevraaj,जीवराज,जीवराज,True
jivraj,जीवराज,जीवराज,True
jenner,जेनर,जेनर,True
jenni,जेनी,जेनी,True
jenny,जेनी,जेनी,True
jain,जैन,जैन,True
jaine,जैने,जैने,True
jainon,जैनों,जैनों,True
johnson,जॉनसन,जॉनसन,True
jokhim,जोखिम,जोखिम,True
joddta,जोड़ता,जोड़ता,True
jodta,जोड़ता,जोड़ता,True
jorhta,जोड़ता,जोड़ता,True
jodiyon,जोड़ियों,जोड़ियों,True
gyatavya,ज्ञातव्य,ज्ञातव्य,True
gyatvy,ज्ञातव्य,ज्ञातव्य,True
jyotiba,ज्योतिबा,ज्योतिबा,True
jvaaron,ज्वारों,ज्वारों,True
jwaron,ज्वारों,ज्वारों,True
jewellers,ज्वेलर्स,ज्वेलर्स,True
jhalakti,झलकती,झलकती,True
jhalkati,झलकती,झलकती,True
jheel,झील,झील,True
jhil,झील,झील,True
jheelon,झीलों,झीलों,True
teekamgarh,टीकमगढ़,टीकमगढ़,True
testing,टेस्टिंग,टेस्टिंग,True
trangistor,ट्रांजिस्टर,ट्रांजिस्टर,True
theinga,ठेंगा,ठेंगा,True
destination,डेस्टिनेशन,डेस्टिनेशन,True
domenic,डोमेनिक,डोमेनिक,True
dredger,ड्रेजर,ड्रेजर,True
dhakaal,ढकाल,ढकाल,True
dhkal,ढकाल,ढकाल,True
tantr,तंत्र,तंत्र,True
tantra,तंत्र,तंत्र,True
tantrikao,तंत्रिकाओं,तंत्रिकाओं,True
tantrikaon,तंत्रिकाओं,तंत्रिकाओं,True
tantro,तंत्रों,तंत्रों,True
tantron,तंत्रों,तंत्रों,True
tarabganj,तरबगंज,तरबगंज,True
tarkvaad,तर्कवाद,तर्कवाद,True
tarkvad,तर्कवाद,तर्कवाद,True
tirupati,तिरूपति,तिरूपति,True
triya,त्रिया,त्रिया,True
danptiyon,दंपतियों,दंपतियों,True
dadreva,ददरेवा,ददरेवा,True
dadrewa,ददरेवा,ददरेवा,True
darjanon,दर्जनों,दर्जनों,True
dastaanaa,दस्ताना,दस्ताना,True
dastana,दस्ताना,दस्ताना,True
daanshil,दानशील,दानशील,True
daabholkar,दाभोलकर,दाभोलकर,True
dikhla,दिखला,दिखला,True
dikhlaa,दिखला,दिखला,True
dikhaai,दिखाई,दिखाई,True
dikhai,दिखाई,दिखाई,True
dikhayi,दिखाई,दिखाई,True
dinaank,दिनांक,दिनांक,True
divyata,दिव्यता,दिव्यता,True
dipika,दीपिका,दीपिका,True
dukhit,दुखित,दुखित,True
dukhiyon,दुखियों,दुखियों,True
dubhashiyon,दुभाषियों,दुभाषियों,True
durgun,दुर्गुण,दुर्गुण,True
durghatna,दुर्घटना,दुर्घटना,True
duvidhaaen,दुविधाएं,दुविधाएं,True
duvidhaayein,दुविधाएं,दुविधाएं,True
duvidhaen,दुविधाएं,दुविधाएं,True
doordarshan,दूरदर्शन,दूरदर्शन,True
durdarshan,दूरदर्शन,दूरदर्शन,True
denevaali,देनेवाली,देनेवाली,True
denevali,देनेवाली,देनेवाली,True
denewaali,देनेवाली,देनेवाली,True
denewali,देनेवाली,देनेवाली,True
devnaar,देवनार,देवनार,True
devaapur,देवापुर,देवापुर,True
deshkaal,देशकाल,देशकाल,True
deshkal,देशकाल,देशकाल,True
deshke,देशके,देशके,True
dhandhe,धंधे,धंधे,True
dhandhon,धंधों,धंधों,True
dhandhaanya,धनधान्य,धनधान्य,True
dhandhanya,धनधान्य,धनधान्य,True
dharmnath,धर्मनाथ,धर्मनाथ,True
dhaatuein,धातुएं,धातुएं,True
dhuriya,धुरिया,धुरिया,True
dhuriyaa,धुरिया,धुरिया,True
dhairyavaan,धैर्यवान,धैर्यवान,True
dhoron,धोरों,धोरों,True
nanhein,नन्हें,नन्हें,True
namkeen,नमकीन,नमकीन,True
narsanhar,नरसंहार,नरसंहार,True
navketan,नवकेतन,नवकेतन,True
navdha,नवधा,नवधा,True
navaa,नवा,नवा,True
navate,नवाते,नवाते,True
naseem,नसीम,नसीम,True
nasim,नसीम,नसीम,True
naamdhari,नामधारी,नामधारी,True
nayak,नायक,नायक,True
naraji,नाराजी,नाराजी,True
narayangarh,नारायणगढ़,नारायणगढ़,True
naasar,नासर,नासर,True
nikaalani,निकालनी,निकालनी,True
nicki,निकी,निकी,True
nicky,निकी,निकी,True
niki,निकी,निकी,True
nikhar,निखर,निखर,True
nikhari,निखरी,निखरी,True
nichalaa,निचला,निचला,True
nidhaan,निधान,निधान,True
nidhan,निधान,निधान,True
niyanta,नियंता,नियंता,True
nirdeshikaa,निर्देशिका,निर्देशिका,True
nirdhaarit,निर्धारित,निर्धारित,True
nirdharit,निर्धारित,निर्धारित,True
niveshakartaa,निवेशकर्ता,निवेशकर्ता,True
niveshkartaa,निवेशकर्ता,निवेशकर्ता,True
nihaalchand,निहालचंद,निहालचंद,True
nihalchand,निहालचंद,निहालचंद,True
neechaaee,नीचाई,नीचाई,True
neetiyon,नीतियों,नीतियों,True
nitiyon,नीतियों,नीतियों,True
nuskhe,नुस्खे,नुस्खे,True
noobiyaa,नूबिया,नूबिया,True
nrityon,नृत्यों,नृत्यों,True
nrutyon,नृत्यों,नृत्यों,True
nectar,नेक्टर,नेक्टर,True
nehara,नेहरा,नेहरा,True
nokari,नोकरी,नोकरी,True
nokri,नोकरी,नोकरी,True
naushad,नौशाद,नौशाद,True
panchang,पंचांग,पंचांग,True
punjabiyon,पंजाबियों,पंजाबियों,True
pakaayein,पकाएं,पकाएं,True
pakaayen,पकाएं,पकाएं,True
pakaen,पकाएं,पकाएं,True
pakayen,पकाएं,पकाएं,True
pachaataa,पचाता,पचाता,True
patkathaayein,पटकथाएं,पटकथाएं,True
patkathaein,पटकथाएं,पटकथाएं,True
patkathayen,पटकथाएं,पटकथाएं,True
patki,पटकी,पटकी,True
patwari,पटवारी,पटवारी,True
patiya,पटिया,पटिया,True
patiyaa,पटिया,पटिया,True
padmavati,पदमावती,पदमावती,True
panapnaa,पनपना,पनपना,True
panpana,पनपना,पनपना,True
pardesi,परदेसी,परदेसी,True
paraadheen,पराधीन,पराधीन,True
paraadhin,पराधीन,पराधीन,True
paradheen,पराधीन,पराधीन,True
paradhin,पराधीन,पराधीन,True
parikalpit,परिकल्पित,परिकल्पित,True
parikhaen,परीक्षाएं,परीक्षाएं,True
parikshaayein,परीक्षाएं,परीक्षाएं,True
parikshaen,परीक्षाएं,परीक्षाएं,True
parosane,परोसने,परोसने,True
paheliyaan,पहेलियां,पहेलियां,True
paheliyan,पहेलियां,पहेलियां,True
paheliyon,पहेलियों,पहेलियों,True
paathshaalaayein,पाठशालाएं,पाठशालाएं,True
pathshalayein,पाठशालाएं,पाठशालाएं,True
pathshalayen,पाठशालाएं,पाठशालाएं,True
paarampariktaa,पारंपरिकता,पारंपरिकता,True
pic,पिक,पिक,True
pick,पिक,पिक,True
piki,पिकी,पिकी,True
piky,पिकी,पिकी,True
pichhade,पिछड़े,पिछड़े,True
pipli,पिपली,पिपली,True
pierson,पियरसन,पियरसन,True
pisaai,पिसाई,पिसाई,True
pisai,पिसाई,पिसाई,True
peaking,पीकिंग,पीकिंग,True
peelepan,पीलेपन,पीलेपन,True
punargathan,पुनर्गठन,पुनर्गठन,True
puraane,पुराने,पुराने,True
purjon,पुर्जों,पुर्जों,True
purzon,पुर्जों,पुर्जों,True
pushpit,पुष्पित,पुष्पित,True
pushpon,पुष्पों,पुष्पों,True
poonjikaran,पूंजीकरण,पूंजीकरण,True
purvaabhaas,पूर्वाभास,पूर्वाभास,True
purvaabhas,पूर्वाभास,पूर्वाभास,True
purvabhaas,पूर्वाभास,पूर्वाभास,True
purvabhas,पूर्वाभास,पूर्वाभास,True
pendulam,पेंडुलम,पेंडुलम,True
pace,पेस,पेस,True
pokar,पोकर,पोकर,True
poker,पोकर,पोकर,True
polish,पोलिश,पोलिश,True
prakriya,प्रक्रिया,प्रक्रिया,True
prakshepak,प्रक्षेपक,प्रक्षेपक,True
pratibhutiyan,प्रतिभूतियां,प्रतिभूतियां,True
pratiyon,प्रतियों,प्रतियों,True
prativaad,प्रतिवाद,प्रतिवाद,True
prativad,प्रतिवाद,प्रतिवाद,True
prativadi,प्रतिवादी,प्रतिवादी,True
prabodhini,प्रबोधिनी,प्रबोधिनी,True
prashaasanik,प्रशासनिक,प्रशासनिक,True
prashaasanon,प्रशासनों,प्रशासनों,True
prashasanon,प्रशासनों,प्रशासनों,True
prastavon,प्रस्तावों,प्रस्तावों,True
privacy,प्राइवेसी,प्राइवेसी,True
prekshakon,प्रेक्षकों,प्रेक्षकों,True
prem,प्रेम,प्रेम,True
premlata,प्रेमलता,प्रेमलता,True
premi,प्रेमी,प्रेमी,True
funding,फंडिंग,फंडिंग,True
falitarth,फलितार्थ,फलितार्थ,True
falibhoot,फलीभूत,फलीभूत,True
falibhut,फलीभूत,फलीभूत,True
phalibhoot,फलीभूत,फलीभूत,True
fikra,फिक्र,फिक्र,True
fisla,फिसला,फिसला,True
fislaa,फिसला,फिसला,True
failkar,फैलकर,फैलकर,True
failegi,फैलेगी,फैलेगी,True
fodon,फोड़ों,फोड़ों,True
fortis,फोर्टिस,फोर्टिस,True
fyuji,फ्यूजी,फ्यूजी,True
fringe,फ्रिंज,फ्रिंज,True
frost,फ्रॉस्ट,फ्रॉस्ट,True
bangbhang,बंगभंग,बंगभंग,True
bangash,बंगश,बंगश,True
bangsh,बंगश,बंगश,True
bantane,बंटने,बंटने,True
bandhti,बंधती,बंधती,True
bandhuon,बंधुओं,बंधुओं,True
bakaayon,बकायों,बकायों,True
bakayon,बकायों,बकायों,True
bagichi,बगीची,बगीची,True
bajrangi,बजरंगी,बजरंगी,True
batlaaye,बतलाए,बतलाए,True
batlaye,बतलाए,बतलाए,True
badali,बदली,बदली,True
badli,बदली,बदली,True
barpaayaa,बरपाया,बरपाया,True
barpaya,बरपाया,बरपाया,True
baljeet,बलजीत,बलजीत,True
baljit,बलजीत,बलजीत,True
ballabh,बल्लभ,बल्लभ,True
bastiyon,बस्तियों,बस्तियों,True
bahroopiya,बहरूपिया,बहरूपिया,True
bahrupiya,बहरूपिया,बहरूपिया,True
banbi,बांबी,बांबी,True
baagiyon,बागियों,बागियों,True
baadhaaon,बाधाओं,बाधाओं,True
baadhaon,बाधाओं,बाधाओं,True
badhaon,बाधाओं,बाधाओं,True
baadhit,बाधित,बाधित,True
baabat,बाबत,बाबत,True
bavji,बावजी,बावजी,True
baawaraa,बावरा,बावरा,True
baahulya,बाहुल्य,बाहुल्य,True
bichhua,बिछुआ,बिछुआ,True
birganj,बीरगंज,बीरगंज,True
bisavan,बीसवां,बीसवां,True
beast,बीस्ट,बीस्ट,True
bekaaboo,बेकाबू,बेकाबू,True
bechakar,बेचकर,बेचकर,True
bechkar,बेचकर,बेचकर,True
bechate,बेचते,बेचते,True
bechte,बेचते,बेचते,True
bediyan,बेड़ियां,बेड़ियां,True
besin,बेसिन,बेसिन,True
baithate,बैठते,बैठते,True
borkar,बोरकर,बोरकर,True
brahmleen,ब्रह्मलीन,ब्रह्मलीन,True
britain,ब्रिटेन,ब्रिटेन,True
bhagaane,भगाने,भगाने,True
bhabhoot,भभूत,भभूत,True
bhabhut,भभूत,भभूत,True
bharani,भरनी,भरनी,True
bharni,भरनी,भरनी,True
bhavishya,भविष्य,भविष्य,True
bhaate,भाते,भाते,True
bhariy,भारीय,भारीय,True
bheera,भीरा,भीरा,True
bhugta,भुगता,भुगता,True
bhookh,भूख,भूख,True
bhukh,भूख,भूख,True
bhookhi,भूखी,भूखी,True
bhukhi,भूखी,भूखी,True
bhulataa,भूलता,भूलता,True
bhooli,भूली,भूली,True
bhuli,भूली,भूली,True
bhulon,भूलों,भूलों,True
bhusi,भूसी,भूसी,True
bhooswaami,भूस्वामी,भूस्वामी,True
bhusvami,भूस्वामी,भूस्वामी,True
bhuswami,भूस्वामी,भूस्वामी,True
bhairavnath,भैरवनाथ,भैरवनाथ,True
bhairo,भैरो,भैरो,True
bhogatey,भोगते,भोगते,True
bhogte,भोगते,भोगते,True
bhraantiyan,भ्रांतियां,भ्रांतियां,True
bhrantiyan,भ्रांतियां,भ्रांतियां,True
bhraantiyon,भ्रांतियों,भ्रांतियों,True
mancheeye,मंचीय,मंचीय,True
manchiy,मंचीय,मंचीय,True
manchon,मंचों,मंचों,True
manjil,मंजिल,मंजिल,True
mantriyon,मंत्रियों,मंत्रियों,True
machaanon,मचानों,मचानों,True
manipal,मणिपाल,मणिपाल,True
madhupur,मधुपुर,मधुपुर,True
manmarji,मनमर्जी,मनमर्जी,True
maryaadaaon,मर्यादाओं,मर्यादाओं,True
maryadaon,मर्यादाओं,मर्यादाओं,True
masaaledaar,मसालेदार,मसालेदार,True
masur,मसूर,मसूर,True
mahakane,महकने,महकने,True
mahkane,महकने,महकने,True
mahanatam,महानतम,महानतम,True
mahamantr,महामंत्र,महामंत्र,True
mahamantra,महामंत्र,महामंत्र,True
mhamantra,महामंत्र,महामंत्र,True
mahavigyan,महाविज्ञान,महाविज्ञान,True
mahipal,महिपाल,महिपाल,True
maangi,मांगी,मांगी,True
maariya,मारिया,मारिया,True
maariyo,मारियो,मारियो,True
maason,मासों,मासों,True
mitaao,मिटाओ,मिटाओ,True
mitao,मिटाओ,मिटाओ,True
mithaai,मिठाई,मिठाई,True
mithai,मिठाई,मिठाई,True
mithila,मिथिला,मिथिला,True
mimicry,मिमिक्री,मिमिक्री,True
mungeri,मुंगेरी,मुंगेरी,True
mundva,मुंडवा,मुंडवा,True
mundwa,मुंडवा,मुंडवा,True
mukarte,मुकरते,मुकरते,True
mukhopadhyaya,मुखोपाध्याय,मुखोपाध्याय,True
muhavare,मुहावरे,मुहावरे,True
moodi,मूडी,मूडी,True
mulchand,मूलचंद,मूलचंद,True
moolar,मूलर,मूलर,True
mejabani,मेजबानी,मेजबानी,True
mejbaani,मेजबानी,मेजबानी,True
mejbani,मेजबानी,मेजबानी,True
mezabani,मेजबानी,मेजबानी,True
melghat,मेलघाट,मेलघाट,True
melaani,मेलानी,मेलानी,True
mehamaan,मेहमान,मेहमान,True
maisor,मैसोर,मैसोर,True
maisore,मैसोर,मैसोर,True
mauritious,मॉरिशस,मॉरिशस,True
mauritius,मॉरिशस,मॉरिशस,True
mowgli,मोगली,मोगली,True
motive,मोटिव,मोटिव,True
mohini,मोहिनी,मोहिनी,True
mohim,मोहिम,मोहिम,True
maukon,मौकों,मौकों,True
mauma,मौमा,मौमा,True
mauryon,मौर्यों,मौर्यों,True
maulaviyon,मौलवियों,मौलवियों,True
maulviyon,मौलवियों,मौलवियों,True
mauley,मौले,मौले,True
yatraein,यात्राएं,यात्राएं,True
yatraen,यात्राएं,यात्राएं,True
yaariyan,यारियां,यारियां,True
yariyan,यारियां,यारियां,True
yaari,यारी,यारी,True
yari,यारी,यारी,True
ukrainian,यूक्रेनियन,यूक्रेनियन,True
yojanaein,योजनाएं,योजनाएं,True
yojanaen,योजनाएं,योजनाएं,True
rangate,रंगते,रंगते,True
rangte,रंगते,रंगते,True
ranjkatha,रंजकता,रंजकता,True
ranjkta,रंजकता,रंजकता,True
raktaabh,रक्ताभ,रक्ताभ,True
rakhna,रखना,रखना,True
raghupati,रघुपति,रघुपति,True
raghuram,रघुराम,रघुराम,True
ratanpur,रतनपुर,रतनपुर,True
ravish,रविश,रविश,True
rawail,रवैल,रवैल,True
rasad,रसद,रसद,True
rasaayanon,रसायनों,रसायनों,True
rasayanon,रसायनों,रसायनों,True
rahamat,रहमत,रहमत,True
rahmat,रहमत,रहमत,True
rhamat,रहमत,रहमत,True
raakhe,राखे,राखे,True
raagon,रागों,रागों,True
raajasva,राजस्व,राजस्व,True
raaji,राजी,राजी,True
rajinaama,राजीनामा,राजीनामा,True
raadhe,राधे,राधे,True
radhe,राधे,राधे,True
rabin,राबिन,राबिन,True
ramkot,रामकोट,रामकोट,True
ramkote,रामकोट,रामकोट,True
rampur,रामपुर,रामपुर,True
ramraj,रामराज,रामराज,True
raalod,रालोद,रालोद,True
ralod,रालोद,रालोद,True
ria,रिया,रिया,True
riya,रिया,रिया,True
rishte,रिश्ते,रिश्ते,True
risane,रिसने,रिसने,True
risaney,रिसने,रिसने,True
risne,रिसने,रिसने,True
rihana,रिहाना,रिहाना,True
reeta,रीता,रीता,True
rukate,रुकते,रुकते,True
rukte,रुकते,रुकते,True
ruktey,रुकते,रुकते,True
rooting,रूटिंग,रूटिंग,True
roopi,रूपी,रूपी,True
reshey,रेशे,रेशे,True
race,रेस,रेस,True
racer,रेसर,रेसर,True
recer,रेसर,रेसर,True
racing,रेसिंग,रेसिंग,True
reson,रेसों,रेसों,True
rehaana,रेहाना,रेहाना,True
rotation,रोटेशन,रोटेशन,True
ronaldo,रोनाल्डो,रोनाल्डो,True
roni,रोनी,रोनी,True
ropane,रोपने,रोपने,True
ropaney,रोपने,रोपने,True
ropne,रोपने,रोपने,True
robin,रोबिन,रोबिन,True
rollers,रोलर्स,रोलर्स,True
raubadaar,रौबदार,रौबदार,True
raubadar,रौबदार,रौबदार,True
raubdar,रौबदार,रौबदार,True
langda,लंगड़ा,लंगड़ा,True
langar,लंगर,लंगर,True
langaron,लंगरों,लंगरों,True
lambi,लंबी,लंबी,True
lakeer,लकीर,लकीर,True
lakir,लकीर,लकीर,True
lakiron,लकीरों,लकीरों,True
lakshya,लक्ष्य,लक्ष्य,True
laganewale,लगनेवाले,लगनेवाले,True
lagnevaaley,लगनेवाले,लगनेवाले,True
lagnewale,लगनेवाले,लगनेवाले,True
ladate,लड़ते,लड़ते,True
ladte,लड़ते,लड़ते,True
lapetane,लपेटने,लपेटने,True
lavasa,लवासा,लवासा,True
lassi,लस्सी,लस्सी,True
lahanaa,लहना,लहना,True
lahna,लहना,लहना,True
lehna,लहना,लहना,True
lahraee,लहराई,लहराई,True
lahrai,लहराई,लहराई,True
laata,लाता,लाता,True
laati,लाती,लाती,True
lalpur,लालपुर,लालपुर,True
ludhakate,लुढ़कते,लुढ़कते,True
ludhkate,लुढ़कते,लुढ़कते,True
lurhakate,लुढ़कते,लुढ़कते,True
lootmaar,लूटमार,लूटमार,True
lendal,लेंडल,लेंडल,True
lenevali,लेनेवाली,लेनेवाली,True
lenewali,लेनेवाली,लेनेवाली,True
labelon,लेबलों,लेबलों,True
laingikta,लैंगिकता,लैंगिकता,True
lairi,लैरी,लैरी,True
lairy,लैरी,लैरी,True
lochdar,लोचदार,लोचदार,True
wonder,वंडर,वंडर,True
varsaache,वर्साचे,वर्साचे,True
vatanukulan,वातानुकूलन,वातानुकूलन,True
vaadak,वादक,वादक,True
vaadiyon,वादियों,वादियों,True
vadiyon,वादियों,वादियों,True
wadiyon,वादियों,वादियों,True
vayana,वायना,वायना,True
wirerless,वायरलेस,वायरलेस,True
warriors,वारियर्स,वारियर्स,True
vaahikayen,वाहिकाएं,वाहिकाएं,True
vahikayen,वाहिकाएं,वाहिकाएं,True
wahikayan,वाहिकाएं,वाहिकाएं,True
vincent,विंसेंट,विंसेंट,True
vichaarakon,विचारकों,विचारकों,True
vicharakon,विचारकों,विचारकों,True
vigyan,विज्ञान,विज्ञान,True
vigyaani,विज्ञानी,विज्ञानी,True
vigyani,विज्ञानी,विज्ञानी,True
vigyaanon,विज्ञानों,विज्ञानों,True
vigyanon,विज्ञानों,विज्ञानों,True
vidyaayein,विद्याएं,विद्याएं,True
vidyaen,विद्याएं,विद्याएं,True
vidyaaon,विद्याओं,विद्याओं,True
vidyaon,विद्याओं,विद्याओं,True
vidhansabhaein,विधानसभाएं,विधानसभाएं,True
vidhansabhaen,विधानसभाएं,विधानसभाएं,True
vidhivat,विधिवत,विधिवत,True
vineet,विनीत,विनीत,True
vipro,विप्रो,विप्रो,True
vibhajak,विभाजक,विभाजक,True
virajati,विराजती,विराजती,True
virechan,विरेचन,विरेचन,True
virodh,विरोध,विरोध,True
virodhabhason,विरोधाभासों,विरोधाभासों,True
vividh,विविध,विविध,True
visheshan,विशेषण,विशेषण,True
visheshanon,विशेषणों,विशेषणों,True
visheshaadhikaar,विशेषाधिकार,विशेषाधिकार,True
visheshadhikar,विशेषाधिकार,विशेषाधिकार,True
vishnu,विष्णु,विष्णु,True
weeks,वीक्स,वीक्स,True
vrutton,वृत्तों,वृत्तों,True
wedding,वेडिंग,वेडिंग,True
vediyon,वेदियों,वेदियों,True
vedon,वेदों,वेदों,True
veronica,वेरोनिका,वेरोनिका,True
veronika,वेरोनिका,वेरोनिका,True
weronika,वेरोनिका,वेरोनिका,True
welwet,वेलवेट,वेलवेट,True
weldor,वेल्डर,वेल्डर,True
welding,वेल्डिंग,वेल्डिंग,True
westing,वेस्टिंग,वेस्टिंग,True
vaigyaanik,वैज्ञानिक,वैज्ञानिक,True
vaigyanik,वैज्ञानिक,वैज्ञानिक,True
vaigyaanikta,वैज्ञानिकता,वैज्ञानिकता,True
vaigyanikata,वैज्ञानिकता,वैज्ञानिकता,True
vaigyanikta,वैज्ञानिकता,वैज्ञानिकता,True
vaitravati,वैत्रवती,वैत्रवती,True
vaitrawati,वैत्रवती,वैत्रवती,True
vyavadhan,व्यवधान,व्यवधान,True
vyavdhan,व्यवधान,व्यवधान,True
vyaghat,व्याघात,व्याघात,True
shamitabh,शमिताभ,शमिताभ,True
shmil,शमिल,शमिल,True
shararat,शरारत,शरारत,True
shaharwasiyon,शहरवासियों,शहरवासियों,True
shahrvasiyon,शहरवासियों,शहरवासियों,True
shaantikaal,शांतिकाल,शांतिकाल,True
shantikal,शांतिकाल,शांतिकाल,True
shaakhaaen,शाखाएं,शाखाएं,True
shakhayan,शाखाएं,शाखाएं,True
shaavakon,शावकों,शावकों,True
shaasakon,शासकों,शासकों,True
sheershakon,शीर्षकों,शीर्षकों,True
shujaat,शुजात,शुजात,True
shumaali,शुमाली,शुमाली,True
sheling,शेलिंग,शेलिंग,True
shelling,शेलिंग,शेलिंग,True
shaili,शैली,शैली,True
shrikar,श्रीकर,श्रीकर,True
shrotaon,श्रोताओं,श्रोताओं,True
sankhyaein,संख्याएं,संख्याएं,True
sankhyaen,संख्याएं,संख्याएं,True
sankhyayen,संख्याएं,संख्याएं,True
sanghnit,संघनित,संघनित,True
sanchaari,संचारी,संचारी,True
sanchalanon,संचालनों,संचालनों,True
sanchalnon,संचालनों,संचालनों,True
sanjay,संजय,संजय,True
sanjeevan,संजीवन,संजीवन,True
sanjivan,संजीवन,संजीवन,True
santati,संतति,संतति,True
sandali,संदली,संदली,True
sandli,संदली,संदली,True
samprati,संप्रति,संप्रति,True
samprti,संप्रति,संप्रति,True
samprabhu,संप्रभु,संप्रभु,True
samprbhu,संप्रभु,संप्रभु,True
sambit,संबित,संबित,True
sambhalne,संभालने,संभालने,True
sanyukt,संयुक्त,संयुक्त,True
sanyukta,संयुक्त,संयुक्त,True
sanyojan,संयोजन,संयोजन,True
sanyojanon,संयोजनों,संयोजनों,True
sanyojnon,संयोजनों,संयोजनों,True
samvedikaran,संवेदीकरण,संवेदीकरण,True
sanskaar,संस्कार,संस्कार,True
sanskaari,संस्कारी,संस्कारी,True
sanskari,संस्कारी,संस्कारी,True
sanskrit,संस्कृत,संस्कृत,True
sanskritiyan,संस्कृतियां,संस्कृतियां,True
sanskritiyon,संस्कृतियों,संस्कृतियों,True
sansthit,संस्थित,संस्थित,True
sansthita,संस्थिता,संस्थिता,True
suction,सक्शन,सक्शन,True
sataane,सताने,सताने,True
sapane,सपने,सपने,True
saparivaar,सपरिवार,सपरिवार,True
saptapadi,सप्तपदी,सप्तपदी,True
saptpadi,सप्तपदी,सप्तपदी,True
samadhiyon,समाधियों,समाधियों,True
samahaar,समाहार,समाहार,True
samahar,समाहार,समाहार,True
samitiyan,समितियां,समितियां,True
sametati,समेटती,समेटती,True
sarkaaron,सरकारों,सरकारों,True
sarkaron,सरकारों,सरकारों,True
sargana,सरगना,सरगना,True
sarguja,सरगुजा,सरगुजा,True
sarsa,सरसा,सरसा,True
sarsaa,सरसा,सरसा,True
saraaha,सराहा,सराहा,True
saraahi,सराही,सराही,True
saajan,साजन,साजन,True
singaar,सिंगार,सिंगार,True
singhade,सिंघाड़े,सिंघाड़े,True
sikud,सिकुड़,सिकुड़,True
sinabang,सिनाबंग,सिनाबंग,True
sipah,सिपाह,सिपाह,True
sipahiyon,सिपाहियों,सिपाहियों,True
sipahi,सिपाही,सिपाही,True
simatta,सिमटता,सिमटता,True
simtata,सिमटता,सिमटता,True
siyasi,सियासी,सियासी,True
sugamata,सुगमता,सुगमता,True
sujhaati,सुझाती,सुझाती,True
suneyga,सुनेगा,सुनेगा,True
suljhai,सुलझाई,सुलझाई,True
sulzai,सुलझाई,सुलझाई,True
susanskrit,सुसंस्कृत,सुसंस्कृत,True
sukhati,सूखती,सूखती,True
sukhti,सूखती,सूखती,True
sensing,सेंसिंग,सेंसिंग,True
safety,सेफ्टी,सेफ्टी,True
semin,सेमिन,सेमिन,True
sevakon,सेवकों,सेवकों,True
sevkon,सेवकों,सेवकों,True
soccer,सॉकर,सॉकर,True
scanning,स्कैनिंग,स्कैनिंग,True
stone,स्टोन,स्टोन,True
stanadhari,स्तनधारी,स्तनधारी,True
standhaari,स्तनधारी,स्तनधारी,True
standhari,स्तनधारी,स्तनधारी,True
sthitiyaan,स्थितियां,स्थितियां,True
sthitiyan,स्थितियां,स्थितियां,True
sthitiyon,स्थितियों,स्थितियों,True
sthool,स्थूल,स्थूल,True
spell,स्पेल,स्पेल,True
spelar,स्पेलर,स्पेलर,True
speller,स्पेलर,स्पेलर,True
sfoorti,स्फूर्ति,स्फूर्ति,True
sfurti,स्फूर्ति,स्फूर्ति,True
sphoorti,स्फूर्ति,स्फूर्ति,True
trebal,ट्रेबल,ट्रेबल,True
trouble,ट्रेबल,ट्रेबल,True
traip,ट्रैप,ट्रैप,True
trap,ट्रैप,ट्रैप,True
trot,ट्रॉट,ट्रॉट,True
trott,ट्रॉट,ट्रॉट,True
swecha,स्वेच्छा,स्वेच्छा,True
hakikat,हकीकत,हकीकत,True
haqeeqat,हकीकत,हकीकत,True
hamala,हमला,हमला,True
hamla,हमला,हमला,True
hariyali,हरियाली,हरियाली,True
harshit,हर्षित,हर्षित,True
hasinon,हसीनों,हसीनों,True
heeraganj,हीरागंज,हीरागंज,True
hemvati,हेमवती,हेमवती,True
hostes,होस्टेस,होस्टेस,True
