Input,Prediction,Target
ank,क्ख,अंक
anka,काना,अंक
ankit,नकित,अंकित
anakon,नकों,अंकों
ankhon,नखों,अंकों
ankon,नकन,अंकों
angkor,नगकर,अंकोर
ankor,नकर,अंकोर
angaarak,ंगारक,अंगारक
angarak,ंगरक,अंगारक
angraji,नगृजि,अंग्रज़ी
angreji,नगृजि,अंग्रज़ी
angrzi,नगृजि,अंग्रज़ी
antah,नताह,अंतः
antaha,नताहा,अंतः
antarmukh,नतर्मख,अंतर्मुख
antmurkh,नत्मुभ्ख,अंतर्मुख
antrmukh,नत्रुख,अंतर्मुख
andrabee,नद्रबी,अंद्राबी
andrabi,नद्रबी,अंद्राबी
andha,द्धा,अंधा
andhapan,ंधापन,अंधापन
andheri,नधरी,अंधेरी
ambaani,अंबनी,अंबानी
ambani,नबनी,अंबानी
akram,कृम,अकरम
acapulco,कपुंको,अकापुल्को
akapulko,कपुलको,अकापुल्को
akhand,खंद,अखंड
akhil,खिल,अखिल
agavai,जावाई,अगवाई
agvaai,ज्खायी,अगवाई
augustine,ऑगुस्तिन,अगस्टाइन
augustustine,ऑगुस्तश्तिन,अगस्टाइन
agsta,जस्ता,अगस्ता
agusta,जुस्ता,अगस्ता
augusta,जगपता,अगस्ता
agr,ग्र,अग्र
agra,ज्रा,अग्र
achambha,क्षधा,अचंभा
achanbha,कांभा,अचंभा
achievement,किवेमेंत्द,अचीवमेंट
achivement,किवामेंटेंट,अचीवमेंट
acchi,चि,अच्छी
achchi,च्छि,अच्छी
achhi,चि,अच्छी
achyut,क्यूट,अच्युत
achhanera,ख्धेरारा,अछनेरा
achnera,क्नरावा,अछनेरा
ajmeedh,ज्मीध,अजमीढ़
ajhar,झार,अजहर
azhar,जर,अजहर
ajit,जित,अजित
agnat,गनत,अज्ञात
agyaat,ज्ञात,अज्ञात
agyat,ज्ञात,अज्ञात
atakta,तक्ता,अटकता
atkata,त्कता,अटकता
atake,तके,अटके
atke,तके,अटके
atwaal,त्वाल,अटवाल
atwal,त्वाल,अटवाल
attahasa,त्तहसा,अट्टहास
atthaas,त्थास,अट्टहास
atthas,त्थास,अट्टहास
addon,द्दन,अड्डों
athak,काक,अथक
atharv,तर्व,अथर्व
atharva,तर्वा,अथर्व
adad,दाद,अदद
adaani,दानि,अदाणी
adani,दनि,अदाणी
advait,ज्वाइत,अद्वैत
adwait,ज्वाइत,अद्वैत
advaitvaad,अद्वायतवाद,अद्वैतवाद
advaitwad,अद्वाच्वाद,अद्वैतवाद
adhivas,झृशास,अधिवास
adhiwas,झृवस,अधिवास
advivas,ज़विवास,अधिवास
adhiik,धिक,अधीक
adhik,हिक,अधीक
adhyayanarat,अध्यानारतात,अध्ययनरत
adhyayanrat,अध्यान्रत्त,अध्ययनरत
adhyaynrat,अध्यानृत,अध्ययनरत
anant,नात्थ,अनंत
ananti,नंति,अनंती
angadh,गंध,अनगढ़
angarh,नगर्ध,अनगढ़
anchahe,नचाहे,अनचाहे
anthak,ंतक,अनथक
unthak,न्थक,अनथक
anhoni,नहनि,अनहोनी
anaavashyak,नावश्यकक,अनावश्यक
anavashyak,नवश्यकक,अनावश्यक
anavshyak,नवश्यक,अनावश्यक
anawashyak,नवश्यक,अनावश्यक
anik,निक,अनिक
anishwarvadi,निश्वर्वादी,अनीश्वरवादी
anishwarwadi,निश्वरवादा,अनीश्वरवादी
anukoltha,नुकोल्था,अनुकूलता
anukulata,नुकुलता,अनुकूलता
anukulta,नुकुर्ता,अनुकूलता
anuchit,नुचित,अनुचित
anuprayogi,नुप्रयोगि,अनुप्रयोगों
anuprayogon,नुप्रयोगों,अनुप्रयोगों
anupryogon,नुप्रोगोंगों,अनुप्रयोगों
anureet,नुरीत,अनुरीत
anurit,नुरित,अनुरीत
anuthi,नुथि,अनूठी
anudit,नुदित,अनूदित
anyaay,न्याय,अन्याय
anyay,न्याय,अन्याय
anyaya,न्याया,अन्याय
apnani,पनानि,अपनानी
aparivartanshali,पारिवर्तनशाल्सन,अपरिवर्तनशील
aparivartansheel,अपरिवर्तनाशिल,अपरिवर्तनशील
aparivartanshil,अपरिवर्तनशिल,अपरिवर्तनशील
apariharya,अपरिर्य,अपरिहार्य
aprihary,अपृह्यर,अपरिहार्य
apriyary,अप्रियर्य,अपरिहार्य
apavartit,अपवर्तित,अपवर्तित
apvartit,पवर्तित,अपवर्तित
apvtrit,प्वत्रित,अपवर्तित
apaardarshi,अपरद्रशी,अपारदर्शी
apardarshi,अपरद्रिशी,अपारदर्शी
afroj,फ्रज,अफरोज
afroz,यृज,अफरोज
africa,ल्विका,अफ्रीका
abbaasi,आबासि,अब्बासी
abbasi,आबासि,अब्बासी
abhimat,बिमत्थ,अभिमत
abhishap,बिशाप,अभिशाप
abhi,भि,अभी
amjhera,मशेरा,अमझेरा
amzera,मजरा,अमझेरा
amargad,मरगद्ध,अमरगढ़
amargarh,अमद्धर,अमरगढ़
amarpaal,अमरानल,अमरपाल
amarpal,मरपाल,अमरपाल
amarohi,अरोहि,अमरोही
amrohi,अमोहि,अमरोही
amaanat,मानत,अमानत
amanat,मनात,अमानत
amanth,मंथ,अमानत
amaanati,अमानति,अमानती
amanathi,अनाथि,अमानती
amanati,मनाति,अमानती
amavasya,अमवस्या,अमावस्या
amavsya,अमव्सावा,अमावस्या
amit,ित्थ,अमित
amitao,मिताओ,अमिताव
amitav,मितव,अमिताव
amuk,ुक्ख,अमुक
amogh,मोघ,अमोघ
ambani,नबनी,अम्बानी
ayodhyaanaath,अयोध्यांत,अयोध्यानाथ
ayodhyanaath,अयुध्यांत,अयोध्यानाथ
ayodhyanath,अयुध्यांत,अयोध्यानाथ
ayodhyeanath,अयोधियादात,अयोध्यानाथ
aradas,रादस,अरदास
ardaas,र्दास,अरदास
ardas,र्दस,अरदास
arabab,रबाब,अरबाब
arbab,रबाब,अरबाब
around,रोंद,अराउंड
arjent,रजेंत,अर्जेंट
urgent,उज्नेट्ट,अर्जेंट
arth,र्थ,अर्थ
artha,र्था,अर्थ
earth,यथ,अर्थ
earthquake,यर्थुकाक,अर्थक्वेक
arthon,र्थों,अर्थों
arpit,रपित,अर्पित
aryama,र्यमा,अर्यमा
aryma,र्याम,अर्यमा
arymaa,अर्मा,अर्यमा
alankaar,अनकारार,अलंकार
alankar,लंकर,अलंकार
alnkaar,लनकर,अलंकार
alankaaron,लंकारों,अलंकारों
alankaron,लंकरों,अलंकारों
alnkaaron,लंकरों,अलंकारों
alnkaron,लंकरण,अलंकारों
alagavavadi,अजाबवादिही,अलगाववादी
algavvadi,अंबवादि,अलगाववादी
algavwaadi,अंबवारागी,अलगाववादी
alive,लिवे,अलाइव
alance,लांस,अलायंस
alayans,लायंस,अलायंस
aliance,लिक्से,अलायंस
alind,लिंद,अलिंद
alai,लाई,अली
ali,िल,अली
alii,लि,अली
alonso,लोंसो,अलोंसो
aloso,लोस,अलोंसो
alphabet,ल्पबेत,अल्फ़ाबेट
alba,लबा,अल्बा
avantipur,अवंतिपुर,अवंतिपुर
awantipora,आवंतिरोर,अवंतिपुर
avaru,वरू,अवरु
avru,वृत,अवरु
awaru,वरू,अवरु
avarodhak,वरोधक,अवरोधक
avrodhak,वृदक्ख,अवरोधक
avrodhk,वृदक,अवरोधक
avarnata,आवंरता,अवर्णता
avarnataa,अवरंता,अवर्णता
avranta,वृमता,अवर्णता
avashist,वशिस्त,अवशिष्ट
avshisht,वशिष्ट,अवशिष्ट
awashist,वशिस्त,अवशिष्ट
avasthaayen,आवस्थायन,अवस्थाएं
avsthaen,आश्वान,अवस्थाएं
avsthayen,आवश्ताएं,अवस्थाएं
awasthaen,वाश्ताएं,अवस्थाएं
avi,िव,अवि
avika,विका,अविका
aviral,विरल,अविरल
avirl,विर्ल,अविरल
avishvaasniy,अविश्वासनीय,अविश्वसनीय
avishvasniy,अविश्वसनीय,अविश्वसनीय
avishvasniya,अविश्वसनिया,अविश्वसनीय
avisvasniya,अविश्वसनिया,अविश्वसनीय
aviva,विवा,अवीवा
avaigyanic,आवैज्ञानिक,अवैज्ञानिक
avaigyanik,आवाइजनिक,अवैज्ञानिक
avegyanik,आवेजनिक,अवैज्ञानिक
ashaktataa,अशक्तता,अशक्तता
ashktta,स्क्तता,अशक्तता
asharaphi,अशर्धि,अशरफी
ashrafi,सृषि,अशरफी
ashariri,अशरिरी,अशरीरी
ashriri,श्रिरि,अशरीरी
ashrvatath,अश्रत्तत,अश्वत्थ
ashvtth,स्वत्थ,अश्वत्थ
asamaany,असमान्य,असमान्य
asamany,समन्य,असमान्य
asmanye,असंये,असमान्य
asaamnjsy,सामंज्स्व,असामंजस्य
asamanjasy,समंजस्या,असामंजस्य
asamanjasya,असंजमस्या,असामंजस्य
asurakshit,अपुस्षित,असुरक्षित
asurkshit,अपुस्थित,असुरक्षित
aset,सेत,असेट
asset,ससेत,असेट
asvabhavik,स्वभविक,अस्वभाविक
aswabhavik,स्वभविक,अस्वभाविक
aswbhavik,स्वभविक,अस्वभाविक
ahirauli,आहिलालि,अहिरौली
item,ेट्म,आइटम
items,िट्मस,आइटम्स
idle,इडल,आइडल
idol,इडल,आइडल
icc,क्स,आइसीसी
iso,यो,आइसो
ipc,क्स,आईपीसी
ipad,पाद,आईपैड
iris,ियस्स,आईरिस
ounce,नके,आउंस
aakaash,आकाश,आकाश
aakash,काश,आकाश
aake,एक,आके
aakhet,खेत,आखेट
akhet,खेत,आखेट
aagat,जत,आगत
aagaman,जंन,आगमन
aagman,ज्मन,आगमन
aagaa,जा,आग़ा
aagah,आगह,आग़ा
agha,गाहा,आग़ा
aagaashe,आगाशे,आगाशे
aagashe,आगाशे,आगाशे
agashe,जाघे,आगाशे
aajmaanaa,आजमाना,आजमाना
aajmana,आजमना,आजमाना
aazmaanaa,आजमाना,आजमाना
aata,ाता,आटा
ata,ावा,आटा
atta,त्ता,आटा
aatmayen,आत्यानी,आत्माएं
atmaen,त्माइन,आत्माएं
aadaan,ादान,आदान
aadan,ांजन,आदान
aadhaarit,आधारित,आधारित
aadharit,आधारित,आधारित
adharit,दृष,आधारित
aadheen,आधीन,आधीन
aadhin,ाधिन,आधीन
aadhunik,आधुनिक,आधुनिक
aanad,नाद,आनद
aanand,नंद,आनद
anand,नंद,आनद
aapka,क्का,आपका
aapkaa,आपका,आपका
aapadaaaen,आपदाएं,आपदाएं
aapdaein,आपदाईं,आपदाएं
aapdayein,आपदायीं,आपदाएं
aabantit,आबंतित,आबंटित
abantit,बंतित,आबंटित
aabru,बृत,आबरू
abaru,बरू,आबरू
aamdan,मदन,आमदन
amadan,मदन,आमदन
aamdani,आमंगि,आमदनी
amadani,मदनि,आमदनी
aamdi,मदि,आमदी
amdi,मदी,आमदी
aamod,मोद,आमोद
amod,मोद,आमोद
aayenge,आयंगे,आयेंगे
aayojak,योजक,आयोजक
ro,ो,आरओ
rp,प,आरपी
aaraam,आरम,आराम
aaram,रम,आराम
aram,माम,आराम
aarushi,आरशि,आरुषि
arushi,रुशि,आरुषि
artery,र्तर्य,आर्टरी
order,र्डर,आर्डर
aary,य्री,आर्य
aarya,य्या,आर्य
arya,य्या,आर्य
aaryika,आरिका,आर्यिका
aryika,र्यकावा,आर्यिका
aarya,य्या,आर्यो
arya,य्या,आर्यो
aryo,योर,आर्यो
aaryan,य्रण,आर्यों
arya,य्या,आर्यों
aryon,योन,आर्यों
aalsi,एसिय,आलसी
alasi,लसि,आलसी
aalochak,आलचक,आलोचक
alochak,लोकाक,आलोचक
aalochakon,आलोकों,आलोचकों
alochakon,लोचकों,आलोचकों
aalha,हहा,आल्हा
aalhaa,आहा,आल्हा
alha,लहा,आल्हा
allah,ल्लह,आल्हा
aawaazen,आवाजें,आवाज़ें
aawajen,आवजें,आवाज़ें
awaazen,वाजें,आवाज़ें
awazen,वाजें,आवाज़ें
aawajon,आजानों,आवाज़ों
aawazon,आजानों,आवाज़ों
awaazon,वाजों,आवाज़ों
awazon,वजों,आवाज़ों
aavishakaar,आविशकार,आविष्कार
aavishkaar,आविशकार,आविष्कार
avishkar,आविकारार,आविष्कार
aavriti,आवृति,आवृत्ति
aavritti,आवृत्ति,आवृत्ति
avuti,वुति,आवृत्ति
aavritiyon,आवृतियों,आवृत्तियों
aavrittiyon,आवृत्तियों,आवृत्तियों
avrutiyon,आवृतियों,आवृत्तियों
aashanka,आशनका,आशंका
ashanka,शनका,आशंका
aashriton,आश्रिकों,आश्रितों
ashriton,स्रितों,आश्रितों
aasaan,सान,आसान
aasan,नान,आसान
asan,नान,आसान
aastik,स्तिक,आस्तिक
astik,स्तिक,आस्तिक
aasteen,आस्तिन,आस्तीन
aastin,आस्तिन,आस्तीन
astin,स्तिन,आस्तीन
aahnaan,आनान,आह्नान
aahnan,ानान,आह्नान
ahyan,यान,आह्नान
england,नगलंद,इंग्लैंड
engineer,एंसियर्र,इंजिनियर
introduction,इंटोडिक्शिक्षों,इंट्रोडक्शन
insurance,इंसरंस,इंश्योरेंस
ear,र,इअर
eyer,यर,इअर
eon,न,इआन
iaan,नाएं,इआन
ekattha,यक्था,इकट्ठा
ikattha,इक्थाता,इकट्ठा
ekatthi,यक्थि,इकठ्ठी
ekthi,युची,इकठ्ठी
ikatthi,इक्थि,इकठ्ठी
ekaee,यकी,इकाई
ikai,यकाई,इकाई
ekaeyon,याकोन,इकाईयों
ikaiyon,यकायों,इकाईयों
ikarion,िकारण,इकाईयों
economic,एकोमिक्स,इकोनोमिक
ecuador,एकड़रो,इक्वाडोर
equador,युकडर,इक्वाडोर
equities,एकितिस,इक्विटीज
ikvitija,इक्वितिजा,इक्विटीज
ijaajat,इजाजत,इजाजत
ijajat,इजात,इजाजत
inhalation,इनलतिन,इनहेलेशन
inhaletion,इनलेशन,इनहेलेशन
ibija,इबाजा,इबीजा
ibiza,इबाजा,इबीजा
imaging,इंजिंग,इमेजिंग
immune,इमुने,इम्युन
elaichi,यालिची,इलाइची
ilaichi,इलिचि,इलाइची
ilayachi,इलाचि,इलाइची
ilayichi,इलिचि,इलाइची
elaaj,यलज,इलाज
ilaaj,इलाज,इलाज
ilaj,िलज,इलाज
ishaak,याक्क,इशाक
ishaaq,इशाक,इशाक
ishak,यक्क,इशाक
ishaara,इशारा,इशारा
ishaaraa,इशारा,इशारा
ishara,इशरा,इशारा
ishita,इशिता,इशिता
isht,श्त,इष्ट
isteefe,इस्टिफे,इस्तीफे
istife,इस्टिफ,इस्तीफे
ea,या,ईए
ia,या,ईए
eater,एटर,ईटर
iter,इटर,ईटर
email,एमाल,ईमेल
emailon,यानोलन,ईमेलों
emelon,योलन,ईमेलों
evening,येनिंग,ईवनिंग
east,यत्त,ईष्ट
ishat,इषत,ईष्ट
isht,श्त,ईष्ट
isaaiyon,यसायों,ईसाइयों
isaiyon,यसियों,ईसाइयों
isayiyon,इसियों,ईसाइयों
ikhrul,इखृल,उखरुल
ukhrool,उखरोल,उखरुल
ukhrul,उखृल,उखरुल
uchhalane,उचलने,उछालने
uchhalne,उचलने,उछालने
ujback,उबक्क,उज़्बेक
uzbek,उजबक,उज़्बेक
uthane,उथने,उठने
uthne,उतेन,उठने
uthaakar,उताकर,उठाकर
uthakar,उतकर,उठाकर
uthaapatak,उतापतक,उठापटक
uthapatak,उतपतक,उठापटक
uthen,ुथें,उठें
udaan,ुदान,उड़ान
udan,दन,उड़ान
udaanaa,उदाना,उड़ाना
udana,उदना,उड़ाना
udaane,उदाने,उड़ाने
udane,उदने,उड़ाने
udaanen,उदानें,उड़ानें
udanen,उदनें,उड़ानें
udaanon,उदानों,उड़ानों
udanon,उदनों,उड़ानों
utane,उतने,उतने
utaney,उतने,उतने
utne,उतेन,उतने
uttara,उतरा,उत्तरा
uttra,रत्र,उत्तरा
utpan,तपान,उत्पन
udant,उदंत,उदंत
udghosh,उद्धस,उदघोष
udar,दर,उदर
uda,दा,उदा
udaa,उदा,उदा
udakishuganj,उदकिशांगाज,उदाकिशुनगंज
udakishunganj,उदकिशंगाजन,उदाकिशुनगंज
unatees,उनतीस,उनतीस
untees,न्तीस,उनतीस
uniyal,उनियल,उनियाल
upadraviyon,उपद्रवियों,उपद्रवियों
updravion,उप्रवियों,उपद्रवियों
updraviyon,उप्रवियों,उपद्रवियों
upadravi,उपद्रवि,उपद्रवी
updravi,उप्रवि,उपद्रवी
upadrawon,उपदरावों,उपद्रवों
updravon,उप्रवों,उपद्रवों
upneta,उनेता,उपनेता
upabhokta,उपभक्ता,उपभोक्ता
upbhokta,उभोक्ता,उपभोक्ता
uplaksh,उपांस्छ,उपलक्ष्य
uplakshay,उपांस्वय,उपलक्ष्य
uplakshya,उपाल्स्यव,उपलक्ष्य
uplabdh,उपाब्ध,उपलब्ध
uplabdhiyon,उपाल्भियों,उपलब्धियों
uplabdhi,उपाब्धि,उपलब्धी
upakhyaanon,उपखानों,उपाख्यानों
upakhyanon,उपखनों,उपाख्यानों
ubuntu,उबंतु,उबंटू
ubaal,उबाल,उबाल
ubal,उबल,उबाल
ubhaara,उभारा,उभारा
ubhara,उभरा,उभारा
umanath,उमानत,उमानाथ
umesh,उमश,उमेश
urf,र्फ,उर्फ
urfa,र्फा,उर्फ
urff,र्फिफ,उर्फ
urvarakon,उर्वकों,उर्वरकों
urvarkon,उर्वकोण,उर्वरकों
urwarakon,उरवाकों,उर्वरकों
urvarata,उरवरता,उर्वरता
urvarta,उरवरता,उर्वरता
urwarta,उरवरता,उर्वरता
ulate,उलते,उलटे
ulte,उर्ते,उलटे
ulahana,उलाहना,उलाहना
ulahna,उलाना,उलाहना
ulema,लेमा,उलेमा
ulemaon,लेमाओं,उलेमाओं
usak,काक,उसक
usaki,उसकी,उसकी
uski,उकि,उसकी
usmein,उस्मिन,उसमें
usmen,यमेंज,उसमें
usi,सि,उसी
ustara,उस्तारा,उस्तरा
udharv,उधर्व,ऊर्ध्व
udhrva,उध्रवा,ऊर्ध्व
urdhav,उर्धव,ऊर्ध्व
ushma,श्मा,ऊष्मा
rishicool,रिचोल्ल,ऋषिकुल
rishikul,रिकुल्ल,ऋषिकुल
rushikul,रशिकल,ऋषिकुल
enzyme,एंज्मे,एंजाइम
anton,ंतन,एंटोन
entone,एंकन,एंटोन
antoni,नतनी,एंटोनी
antony,नतनी,एंटोनी
endometrial,एंडोमेट्रियल,एंडोमेट्रियल
andreas,नंरेस,एंड्रियास
als,स्स,एएलएस
asi,िय,एएसआई
eksaath,यक्षत,एकसाथ
eksath,यक्ष,एकसाथ
ekaki,यकि,एकाकी
xm,म्व,एक्सएम
egmor,एंसर,एगमोर
egmore,एजमरे,एगमोर
aj,ज,एजे
agende,जेंदे,एजेंडे
adp,प्च,एडीपी
adain,जाइन,एडेन
aden,ड़न,एडेन
edan,ानांज,एडेन
addi,दिब,एड्डी
eddi,ेदि,एड्डी
eddie,यदि,एड्डी
eddy,एंबी,एड्डी
apj,ज्ज,एपीजे
ftii,फिबी,एफटीआईआई
abbott,ब्बोत्त,एबट
abut,ब्त,एबट
ebt,ब्त,एबट
abvp,ब्प,एबीवीपी
abbot,ब्बोत,एबोट
abbott,ब्बोत्त,एबोट
mta,ता,एमटीए
mtake,मके,एमटेक
mtec,सेक,एमटेक
mtech,तिच,एमटेक
emerald,एमर्ड्ड,एमरल्ड
emrald,यमल्ड,एमरल्ड
emil,योल,एमिल
emile,एमिल,एमिल
emily,एन्यर,एमिल
amy,य्य,एमी
emi,नि,एमी
airway,यरवाय,एयरवे
eyarave,यरवे,एयरवे
eyarve,यरवे,एयरवे
error,यरोर,एरर
arica,यिका,एरिका
erica,यिका,एरिका
erika,युका,एरिका
aerobic,एरोबिक,एरोबिक
aerobics,एरोबिस्स,एरोबिक
lte,रे,एलटीई
lti,ति,एलटीई
allergic,ल्रेसिक,एलर्जिक
eliminator,एलिनेटरोर,एलिमिनेटर
aliens,लिंस,एलियंस
alliance,ल्यांसिज,एलियंस
asian,सियां,एशियन
sfc,सिक,एसएफसी
sk,क,एसके
spf,प्फ,एसपीएफ
association,ससोकिसन,एसोसिएशन
astar,स्तर,एस्टर
aster,स्तर,एस्टर
ester,एस्टर,एस्टर
aesthetics,एस्थेटिस्स,एस्थेटिक
asthetic,स्थेतिक,एस्थेटिक
asfalt,स्फाल्ट,एस्फाल्ट
asphalt,स्पल्त,एस्फाल्ट
asphault,स्पौल्त,एस्फाल्ट
ahsaas,हसास,एहसास
ehsaas,यसास,एहसास
ehsas,यसास,एहसास
aisa,साया,एेसा
eesa,यसा,एेसा
ainth,न्थ,ऐंठ
end,ंड,ऐंठ
enth,ंथ,ऐंठ
ainthey,यंथे,ऐंठे
enthe,युशे,ऐंठे
aithan,भां,ऐठन
ethan,ांखन,ऐठन
ethhan,वांध,ऐठन
ail,ल,ऐल
el,ल,ऐल
alaps,लपस,ऐल्प्स
alps,प्स्स,ऐल्प्स
aise,ैसे,ऐसे
oxide,ोकिदे,ऑक्साइड
oxy,क्सी,ऑक्सी
offers,फ्रस्र्स,ऑफर्स
offshor,ोफ्सर,ऑफशोर
offshore,ओफ्सरे,ऑफशोर
official,ोफिकलाइल,ऑफिशियल
okalahoma,ओकलार्म,ओकलाहोमा
oklahoma,ओंहोमारा,ओकलाहोमा
oklahoma,ओंहोमारा,ओक्लाहोमा
ot,त,ओत
opel,योल,ओपेल
obrayan,ोब्यानान,ओब्रायन
obrien,ोब्रिन,ओब्रायन
oran,रण,ओरण
orian,रियां,ओरियन
orion,रिन,ओरियन
olavrishti,ओलवृष्टि,ओलावृष्टि
ovum,पूम,ओवम
owem,वाम,ओवम
oceanic,केनिक,ओशनिक
osaka,सका,ओसाका
auchity,उचित्य,औचित्य
auchitya,उचित्य,औचित्य
audhyogikaran,उद्योगिकारण,औद्योगिकरण
audyogikarana,उद्योगिकरण,औद्योगिकरण
audyogikikaran,उद्योगिकारिकाला,औद्योगिकरण
aurangabad,उरंगबद,औरंगाबाद
aurora,ऑरोरा,औरोरा
aulakh,लखा,औलख
kankad,कंबद,कंकड़
kankar,कंबर,कंकड़
kankad,कंबद,कंकर
kankar,कंबर,कंकर
kangan,नगन,कंगन
conjunction,कंजिक्षों,कंजंक्शन
contemporary,संतपर्रिय,कंटेम्पररी
kanthahar,क्धहर,कंठहार
kanthhar,क्धर्ह,कंठहार
composer,क्मोसर्र,कंपोजर
kambalon,क्जलों,कंबलों
kanblon,क्जलों,कंबलों
consultant,कंस्टांटन,कंसलटेंट
kakkad,ककाद,कक्कड़
kakkar,ककार,कक्कड़
kacche,क्चे,कच्चे
kachche,क्चे,कच्चे
karta,रता,कटरा
katra,क्रा,कटरा
cutlery,स्टरिय,कटलरी
katlari,क्लरिय,कटलरी
katlary,क्राल्य,कटलरी
katasaraj,कतसरज,कटासराज
kathfodave,क्थफोड़वे,कठफोड़वे
kathfodve,क्थोद्वेव,कठफोड़वे
kathor,क्रोर,कठोर
kathore,क्थोरे,कठोर
kanika,निका,कणिका
kathai,काहि,कत्थई
katthai,क्थाइब,कत्थई
katthaii,क्थाइयी,कत्थई
convention,क्नेंटिन,कनवेंशन
canals,कलस्स,कनाल
kanaal,कालाल,कनाल
kanal,कलल,कनाल
kanindham,किंधम,कनिंघम
kaningham,किंधाम,कनिंघम
kanishthika,किश्तिकाखा,कनिष्ठिका
kanishthikaa,कनिथिकावा,कनिष्ठिका
kanishtika,किश्तिका,कनिष्ठिका
kanyaayen,क्यायान,कन्याएं
kanyaein,क्यायिन,कन्याएं
kanyayen,क्यायें,कन्याएं
convention,क्नेंटिन,कन्वेंशन
convocation,क्नोक्षिन,कन्वोकेशन
cup,प,कप
kap,क्ष,कप
kapda,पदा,कपड़ा
kpada,पदा,कपड़ा
kapdo,कदो,कपड़ो
kapdon,कंदन,कपड़ो
kaping,किंग,कपिंग
kping,पिंग,कपिंग
kapolkalpana,कोलकलपनाना,कपोलकल्पना
kabaddi,काददि,कबड्डी
kabr,ब्र,कब्र
kabra,क्रा,कब्र
kabren,क्रेन,कब्रें
kabron,क्रोन,कब्रों
kamjor,कंजर,कमज़ोर
kamzor,कंजर,कमज़ोर
kamatar,कातर्ह,कमतर
kamtar,क्तर्ह,कमतर
kalamjeet,कलमेतित,कमलजीत
kamaljeet,कमलीतित,कमलजीत
kamaauu,कालु,कमाऊ
kamau,नाउब,कमाऊ
kamaate,कमते,कमाते
kamate,काते,कमाते
kamere,क्रेर,कमेरे
kmere,क्रेव,कमेरे
karanj,अंजज,करंज
kranj,रंज,करंज
karanjiya,कालंशिया,करंजिया
kardhe,क्रहे,करघे
karghe,क्धे,करघे
karachana,क्षाकना,करछना
karchhana,क्षानाना,करछना
karna,न्याओ,करना
karpatri,कृत्रि,करपात्री
karam,रम,करम
karoor,कोर्र,करूर
karur,अरुर,करूर
karnataka,क्लतकावा,कर्नाटका
karvi,क्विय,कर्वी
kurvi,कृव,कर्वी
kalmein,क्मेनिन,कलमें
kalmen,क्मेनें,कलमें
kalraj,क्रज्ध,कलराज
kalika,निका,कलिका
kalpanaon,क्पनाओं,कल्पनाओं
kalpnaon,क्पनाओं,कल्पनाओं
kavvaliyon,कवारियों,कव्वालियों
qawwaliyon,कवालियों,कव्वालियों
kavvali,कवालि,कव्वाली
qawwali,कवालि,कव्वाली
kashton,क्षों,कष्टों
kasarat,करात्थ,कसरत
kasrat,क्रत्त,कसरत
kasara,कारा,कसारा
kasida,कसिदा,कसीदा
kahane,काने,कहने
kahne,कने,कहने
kahlaya,कलाया,कहलाया
kahaniyon,कानियों,कहानियों
kile,क्ले,क़िले
kanji,कंबी,कांजी
cant,ंत,कांट
kant,ंत,कांट
kanti,क्ति,कांति
kakoo,कूव,काकू
kaku,कुब,काकू
kaagaj,कगज,कागज़
kaagaz,कगज़,कागज़
kagaj,कजज,कागज़
kagaz,कजज,कागज़
kaaji,कजी,काजी
kaji,कि,काजी
kazi,कि,काजी
qazi,काजी,काजी
kajoo,जूव,काजू
kaju,जुख,काजू
kapadi,कदाउ,कापड़ी
kapdi,कदि,कापड़ी
kamraj,क्रज्ध,कामराज
kamottejana,कोत्ताजनाना,कामोत्तेजना
kamottejna,कोत्तनजान,कामोत्तेजना
kailana,कलना,कायलाना
kaylana,कलना,कायलाना
carfi,क्रिय,कार्की
karki,क्कि,कार्की
kartik,क्रिक,कार्तिक
karyakartaon,क्रकार्ताओं,कार्यकर्ताओं
karykartaaon,क्रकर्ताओं,कार्यकर्ताओं
karykartaon,क्रकर्ताओं,कार्यकर्ताओं
karyabhar,क्राभार,कार्यभार
karybhar,क्रभर,कार्यभार
karyarat,क्रायत्त,कार्यरत
karyrat,क्रात्त,कार्यरत
kaalpi,कलि,कालपी
kalapi,कापि,कालपी
kalpi,नपि,कालपी
kalika,निका,कालिका
kalighat,किधात,कालीघाट
coldvel,कल्टिल,काल्डवेल
kaldvel,कल्देल,काल्डवेल
kaldwell,कल्दील्ल,काल्डवेल
kaav,वाव,काव
kav,व,काव
kaasht,वश्त,काश्त
kasht,श्त,काश्त
kasim,क्सिम,कासिम
qasim,कासिम,कासिम
kasimabad,कसिमबद,कासिमाबाद
kiya,यिया,किया
kiliyan,क्लियां,किलियन
killat,क्लेट,किल्लत
killi,क्लिय,किल्ली
kisaani,कसानि,किसानी
kisani,क्सनि,किसानी
kisanon,क्सनोन,किसानों
keede,केहे,कीड़े
kide,केद,कीड़े
keynote,केनते,कीनोट
kinote,कनते,कीनोट
kiratpur,क्रतपुर,कीरतपुर
kundal,कंदल,कुंडल
kundaliya,कंदिया,कुंडलियाँ
kundaliyan,कंदलियां,कुंडलियाँ
kutta,क्तावा,कुत्ता
kuposhit,कुस्थित,कुपोषित
kumau,पौल,कुमाऊ
kumavat,क्षात्त,कुमावत
kumawat,क्षावत,कुमावत
kural,कृल,कुराल
kurmi,कृमि,कुर्मी
kursiyon,कृसियों,कुर्सियों
kush,क्ष,कुश
kushaan,क्षान,कुषाण
kushan,खशन,कुषाण
kusumalataa,कुमुजारता,कुसुमलता
kusumalta,क्षुमर्ता,कुसुमलता
kusumlata,क्षुमलता,कुसुमलता
koot,ूत,कूट
kut,त्ब,कूट
kritika,कृताका,कृतिका
kpo,पो,केपीओ
canterbari,क्सरबारिय,कैंटरबरी
canterbury,कंटरियर,कैंटरबरी
candidate,कंदिताते,कैंडिडेट
katrina,क्रिना,कैटरीना
caitlyn,क्टलिन,कैटलिन
cateline,केशिने,कैटलिन
catlin,क्लिन,कैटलिन
cadmium,कामिर्म,कैडमियम
catholic,कोलिक,कैथोलिक
catholicon,क्रोइनोंस,कैथोलिकों
kaetholikon,क्थोलिकों,कैथोलिकों
capacitor,सकिटर्र,कैपेसिटर
carat,कार्ट,कैरेट
cavity,सित्वी,कैविटी
cavalry,कार्य्री,कैवेलरी
kaivelari,कवेलरी,कैवेलरी
complex,क्मिक्स्क,कॉम्प्लेक्स
kocchi,कची,कोच्चि
kochi,किच,कोच्चि
corridor,क्रिडोर्ड,कोरिडोर
corolla,करला,कोरोला
korola,करला,कोरोला
caolan,कलन,कोलन
colan,कलन,कोलन
colon,ोनोन,कोलन
calling,क्लिंग,कोलिंग
koling,कलिंग,कोलिंग
colorado,क्लरदो,कोलोराडो
kolorado,कोरादोड़ो,कोलोराडो
kaushal,कशाल,कौशल
kaushalata,कशालता,कौशलता
kaushalta,कशालता,कौशलता
kaushambi,कशांबि,कौशाम्बी
cute,क्टे,क्यूट
quete,कीते,क्यूट
cube,कबे,क्यूब
cubeck,कबक,क्यूबेक
quebec,कीबिक,क्यूबेक
cubes,कबस,क्यूब्स
krantiyon,क्मतियों,क्रांतियों
cric,िक,क्रिक
crick,िक्क,क्रिक
cricket,क्योटेट,क्रिकेट
cricketer,स्रकेटर,क्रिकेटर
cricketing,स्किटिंग,क्रिकेटिंग
kriyayog,क्रायोग,क्रियायोग
christian,स्रस्तियां,क्रिश्चयन
kruger,कृजर,क्रूगर
craig,काइज,क्रेग
creg,सिज,क्रेग
cradle,क्रलेज,क्रैडल
chrom,पोम,क्रोम
chrome,क्रमे,क्रोम
client,किंट,क्लांइट
clock,लक,क्लाक
clasen,स्लेंस,क्लासें
classen,स्लसें,क्लासें
classon,स्जिनों,क्लासों
clay,काली,क्ले
claris,करिस,क्लेरिस
cleris,स्रिस,क्लेरिस
clerys,स्रिस्स,क्लेरिस
quantico,क्पतिको,क्वांटिको
queens,कींस,क्वींस
kshitij,क्षिज्ध,क्षितिज
shitij,शिज्ध,क्षितिज
kshin,शिन,क्षीण
shin,न्जीन,क्षीण
kshetron,क्ष्रों,क्षेत्रों
shetron,शेतनों,क्षेत्रों
khand,ंद,खंडा
khanda,नदा,खंडा
khachakhach,खचाख,खचाखच
khajarana,खालना,खजराना
khajraana,खालाना,खजराना
khajrana,खालना,खजराना
khatakati,खतक्ति,खटकती
khatakti,कतक्ति,खटकती
kihatkati,कहतकाति,खटकती
khattapan,खतपन,खट्टापन
khat,त्थ,खत
khani,नि,खनि
khanik,निक,खनिक
khanikarm,खनिकर्म,खनिकर्म
khanikarma,खनिकर्म,खनिकर्म
khanikarmi,खनिकर्मि,खनिकर्म
khapat,कात्थ,खपत
khariya,कृया,खरिया
khalnayak,खनायकाक,खलनायक
khaaskar,खासकर,ख़ासकर
khaskar,खस्कर,ख़ासकर
khaastaur,खासतार,ख़ासतौर
khastaur,खस्तार,ख़ासतौर
khaibar,खाबर,ख़ैबर
khyber,क्बर्र,ख़ैबर
khaein,खेन,खाएं
khaen,ानें,खाएं
khayen,खें,खाएं
khaate,खते,खाते
khaatey,खते,खाते
khate,खाते,खाते
khal,ल्ह,खाल
khinchakar,खिंकरार,खिंचकर
khinchkar,खिंकर,खिंचकर
khilana,खिनाना,खिलाना
khinchkar,खिंकर,खींचकर
khuda,उदा,खुदा
khudai,खुजी,खुदाई
khurapka,खरपका,खुरपका
khurpaka,खृपका,खुरपका
khurasan,खरसन,खुरासान
khushiyan,खुशियां,खुशियां
khene,खेन,खेने
khaini,खनी,खैनी
khairati,खरति,खैराती
khoikhoi,खोखो,खोईखोई
khoya,नवा,खोया
gangrel,गंबरल,गंगरेल
gangaajal,गंजाल,गंगाजल
gangajal,गंजलाल,गंगाजल
gandaki,गंकि,गंडकी
gandki,गंकि,गंडकी
gandh,ंध,गंध
gandha,ंधा,गंध
gae,ए,गए
gaye,गी,गए
gajara,गरा,गजरा
gajra,ज्रा,गजरा
gadkar,गकर,गडकर
ganapati,गापति,गणपति
ganpati,गपति,गणपति
gatisheel,गाशियल,गतिशील
gatishil,गाशिल्ल,गतिशील
gatishilata,गाशिलात्ता,गतिशीलता
gadadhar,गाधार्ह,गदाधर
gammat,ग्मत्थ,गम्मत
gaya,या,गया
garibi,गिबि,गरीबी
garjana,ग्लाना,गर्जना
galgand,गंगद्ध,गलगंड
gahmagahmi,ग्मगहम्धि,गहमागहमी
gemhagehmi,ग्षागेहमि,गहमागहमी
ganguly,गंगल्य,गांगुली
gaanth,ग्थ,गांठ
ganth,ंथ,गांठ
gaanthe,ग्धे,गांठे
ganthe,ग्थे,गांठे
ganthen,ग्थेन,गांठें
ganthon,ग्थोन,गांठों
gaen,नें,गाएं
gayen,जीन,गाएं
gazi,गि,गाज़ी
gajipur,गिपुर्र,गाजीपुर
gazipur,गाइपुर्र,गाजीपुर
gayatri,गावृती,गायत्री
gayitri,गित्रि,गायत्री
gaytri,ग्तिरी,गायत्री
gidgidate,गिदिदाते,गिड़गिड़ाते
ginate,गिते,गिनते
ginte,ग्पेश,गिनते
girkar,ग्रापर,गिरकर
girijaghar,गिजाग्राहर,गिरजाघर
girjaghar,ग्रग्रहर,गिरजाघर
girijagharon,ग्रिज्धारों,गिरजाघरों
girjagharon,ग्रग्रहों,गिरजाघरों
girati,गरति,गिरती
girti,ग्रिब,गिरती
girish,गृष्ष,गिरीश
guan,नाग,गुआन
gujar,गार्ह,गुजार
gujarata,गुरताता,गुजारता
gujarta,गार्ताव,गुजारता
gujarate,गुरतेथ,गुजारते
gujarte,गुर्ते,गुजारते
gujarana,ग्यरणाना,गुजारना
gujarna,ग्युमना,गुजारना
gujara,गारावा,गुजारा
gujare,गुरेह,गुजारे
gutta,गता,गुट्टा
gthalidar,ग्रिदार,गुठलीदार
guthalidar,ग्रालिदार,गुठलीदार
gudna,गंदा,गुदना
gumaan,गमान,गुमान
guman,ुमन,गुमान
gulshan,ग्लांखन,गुलशन
gunga,ंगा,गूंगा
grihnagar,गृणगर,गृहनगर
gruhnagar,गृंगर,गृहनगर
galaxion,गायसिनों,गैलेक्सियों
galaxiyon,गालसियों,गैलेक्सियों
galaxyon,गायस्योनों,गैलेक्सियों
gochar,गिर,गोचर
gouchar,गुवर,गोचर
godara,गोरा,गोदारा
gopichand,गिचंद,गोपीचंद
gomake,गमके,गोमके
gomke,ग्मेव,गोमके
goel,गील,गोयल
goyal,गायल,गोयल
gosvaami,गोवामिय,गोस्वामी
gosvami,ग्समिय,गोस्वामी
goswami,ग्यमापि,गोस्वामी
gaumukh,गुपभ,गौमुख
gomukh,गुख,गौमुख
gaumutr,ग्मत्र,गौमूत्र
gaumutra,ग्मत्राव,गौमूत्र
gowmutra,ग्रुत्राव,गौमूत्र
granthiyaan,ग्रंभानाएं,ग्रंथियां
granthiyan,ग्र्धियां,ग्रंथियां
grandhiyon,ग्रदियों,ग्रंथियों
granthiyon,ग्र्धियों,ग्रंथियों
greest,गीस्त,ग्रीस्ट
greist,ग्यस्त्ट,ग्रीस्ट
grist,गिस्त,ग्रीस्ट
greg,गीज,ग्रेग
granite,ग्रितेश,ग्रेनाइट
grenite,ग्रिक्टे,ग्रेनाइट
grandson,ग्रंसन,ग्रैंडसन
gross,गोस्स,ग्रॉस
ghataatop,गातोप्त,घटाटोप
ghatatop,गतोप्थ,घटाटोप
ghataayaa,गताया,घटाया
ghataya,गावा,घटाया
ghanakar,गानारार,घनाकार
ghabrahat,ग्हाराथ,घबराहट
ghasi,गि,घासी
ghisai,गियाजी,घिसाई
ghisi,गिशी,घिसी
ghise,गिस,घिसे
ghumakkadi,घमक्कादि,घुमक्कड़ी
ghumakkdi,घमक्दिक,घुमक्कड़ी
ghumakkadon,घमक्कदों,घुमक्कड़ों
ghumakkaron,घमक्तारों,घुमक्कड़ों
ghumakkdon,घमक्दांकों,घुमक्कड़ों
ghummakkadon,घमक्कदादों,घुमक्कड़ों
ghumaan,ग्मान,घुमाण
ghuman,ुमन्जन,घुमाण
ghoonsa,उंसा,घूंसा
ghunsa,गंसा,घूंसा
ghongha,गंभा,घोंघा
ghontane,घोंकने,घोंटने
ghontne,गोंके,घोंटने
ghot,ोत,घोट
ghodi,गोधि,घोड़ी
ghost,गोष्ट,घोस्ट
changul,कंगल,चंगुल
chand,ंद,चंद
chandan,ंदन,चंदन
chandana,कंदना,चंदन
chandu,कंध,चंदू
chandon,कंदन,चंदों
chandrabali,चंधाराली,चंद्रबली
chandramaon,कंधमाओं,चंद्रमाओं
chakatte,चाकते,चकत्ते
chaktte,क्त्तिब,चकत्ते
chakkar,क्कार,चक्कर
chkkar,क्कार,चक्कर
chakshu,क्षु,चक्षु
chatagaon,काघासन,चटगांव
chatgaon,क्घाओं,चटगांव
chadhane,चाधने,चढ़ने
chadhne,चाने,चढ़ने
chaturdik,कृदिक,चतुर्दिक
chatunshkoniy,चांचंकोयिय,चतुष्कोणीय
chatushkoniy,चत्सुकोनिय,चतुष्कोणीय
chatushkoniya,चत्सुकोनिया,चतुष्कोणीय
channa,नना,चन्ना
chabate,काबेट,चबाते
chabutare,चाबतरे,चबूतरे
chabutre,चाब्रियो,चबूतरे
chamakna,कांकना,चमकना
chamkana,स्कनाना,चमकना
charas,सारस,चरस
charit,कृत,चरित
charcha,क्षा,चर्चा
churcha,कृषा,चर्चा
charchaon,क्षाओं,चर्चाओं
chalenge,चेंगे,चलेंगे
chlenge,स्लेंगे,चलेंगे
chahunaur,चुनार्य,चहुंओर
chahunor,क्धोरोर,चहुंओर
chanval,क्षाल,चांवल
chanwal,क्षाल,चांवल
chachaji,काजिबी,चाचाजी
chadar,कार्ह,चादर
chadaron,कारोण,चादरों
chadron,क्रोन,चादरों
chan,न,चान
chanan,नान,चानन
chaplusi,क्लुसिय,चापलूसी
chayal,काल,चायल
char,र्ह,चार
charon,कोन,चारों
charge,क्षे,चार्ज
chart,र्त,चार्ट
charton,क्रों,चार्टों
charts,स्त्स्श,चार्ट्स
chaalit,कलित,चालित
chalit,कित,चालित
chikitsak,किक्षक्क,चिकित्सक
chikitsakon,चिक्षकों,चिकित्सकों
chikhali,चाइलि,चिखली
chiththi,च्थिभ,चिट्ठी
chitthi,च्तिभ,चिट्ठी
chithhi,च्छि,चिठ्ठी
chiththi,च्थिभ,चिठ्ठी
chitthi,च्तिभ,चिठ्ठी
chidchidapan,चिचिदापन,चिडचिडापन
chidchidapan,चिचिदापन,चिड़चिड़ापन
chidhate,च्धते,चिढ़ते
chidhte,च्छते,चिढ़ते
chithrkar,च्छरकर,चित्रकार
chitrkar,क्ट्राकर,चित्रकार
chipakane,चिकनाएं,चिपकने
chipakne,चिकने,चिपकने
chipkane,चिकने,चिपकने
chimati,च्मति,चिमटी
chimti,क्मिबी,चिमटी
chillane,चिलने,चिल्लाने
chee,ीव,ची
chi,ी,ची
chuka,ुका,चुका
chune,क्ने,चुने
chunar,नुर,चूनर
changed,कंगद,चेंज्ड
chetti,क्टिव,चेट्टी
chennai,कनाइजी,चेन्नई
chero,करो,चेरो
chest,सेट,चेस्ट
championship,स्पुनशिप्ष,चैंपियनशिप
chor,ोर,चोर
choro,ोरो,चोरों
choron,ोरोन,चोरों
chauk,क्क,चौक
chowk,ोक,चौक
chauka,नका,चौका
chuka,ुका,चौका
chaukiyan,काइकियां,चौकियां
chauki,काचि,चौकी
chaukhate,चाखते,चौखटे
chauguni,कगुनि,चौगुनी
chauda,कदा,चौड़ा
chaudah,चादह,चौड़ा
chaudahavan,कढ़ावाना,चौदहवां
chaudhavan,कढ़ानान,चौदहवां
chaudhawan,कढ़ाखन,चौदहवां
chaupati,क्पति,चौपाटी
chupaty,क्पत्य,चौपाटी
chaupal,क्यल्ल,चौपाल
chaurai,कराइ,चौरई
chausinga,सौसिंगा,चौसिंगा
chausingha,चानिश्ध,चौसिंगा
chhagan,चानागन,छगन
chhabi,चाइब,छबि
chhalla,चला,छल्ला
chhallaa,चला,छल्ला
chhaviyaan,चावियां,छवियाँ
chhaviyan,चावियां,छवियाँ
chhavi,चिव,छवी
cheh,ईह,छह
chhah,भ,छह
chehon,ईजन,छहों
chhahon,छों,छहों
chhai,ईभ,छाई
chhagla,चाजला,छागला
chhajan,घान,छाजन
chhaati,चाति,छाती
chhati,चाची,छाती
chhaapemaar,चापेमर,छापेमार
chhapemar,चापमर,छापेमार
chheenk,ींक,छींक
chhink,िंक,छींक
chink,नक,छींक
chenkein,चनें,छींके
chhekein,चेकिन,छींके
chhinke,चने,छींके
chhinky,चनिव,छींके
chinke,क्नेव,छींके
chhudaane,चुदाने,छुडाने
chhudane,चुंजे,छुडाने
chhupakar,चुकरार,छुपकर
chhupkar,चुकर,छुपकर
chhupkr,चुप्र,छुपकर
chhupata,चुताता,छुपता
chhupta,चपता,छुपता
chhuptaa,चुतावा,छुपता
chhura,परा,छुरा
chhuraa,चरा,छुरा
chhuree,चरी,छुरी
chhuri,चरी,छुरी
chhure,चरे,छुरे
chhootane,चूमेन,छूटने
chhutane,च्तने,छूटने
chhutne,च्तने,छूटने
chheter,चेर्ट,छेत्र
chhetr,च्त्र,छेत्र
chhetter,चेतर,छेत्र
chhetri,चेरि,छेत्री
chhetthari,चेतरिही,छेत्री
chhetthri,च्तृति,छेत्री
chai,ई,छै
chhai,ईभ,छै
chhe,ई,छै
jagaega,जगाइजा,जगाएगा
jagayega,जगाइजा,जगाएगा
jaghaega,ज्भागा,जगाएगा
jgaayega,ज्गाइजा,जगाएगा
jgayegaa,ज्गीगा,जगाएगा
jajaon,जाओं,जजों
jajon,जोन,जजों
jad,ज़,जड़
jadd,द्द,जड़
jaddit,जदित,जड़ित
jadeite,जड़िते,जड़ित
jadet,ज़तेत,जड़ित
jadit,जित,जड़ित
jadein,जादिन,जड़ें
jaden,ज़नें,जड़ें
jatara,तरा,जतरा
jatra,त्रा,जतरा
jataati,जाति,जताती
jatatee,जतीव,जताती
jatati,जति,जताती
janagananaa,जनगनना,जनगणना
janaganna,जनगनना,जनगणना
jangadnaa,जंगदना,जनगणना
janganana,जंगनना,जनगणना
janganna,जंगनाना,जनगणना
janajagran,जनजगरण,जनजागरण
janjaagran,जंजगरण,जनजागरण
janjagran,जंगरणान,जनजागरण
january,जनार्य,जनवरी
janahaani,जानानी,जनहानि
janahani,जानानि,जनहानि
janhaani,जनानी,जनहानि
janhani,जनानी,जनहानि
jnhaani,नहनी,जनहानि
jamaate,जमते,जमाती
jamaati,जाति,जमाती
jamati,जति,जमाती
jamaaya,जाया,जमाया
jamaeya,जायाया,जमाया
jamaya,जया,जमाया
jamayaa,जाया,जमाया
jamuai,जुायी,जमुई
jamuei,जुएि,जमुई
jamui,जुय,जमुई
jai,बी,जय
jay,य,जय
jaidayal,जाइयल,जयदयाल
jayadayal,जायालाल,जयदयाल
jaydayal,जायालाल,जयदयाल
jaibaan,जीबान,जयबाण
jaiban,बाबन,जयबाण
jaybaan,ज्बान,जयबाण
jayalalita,जयलिता,जयललिता
jayalalitaa,जयलिता,जयललिता
jayalalithaa,जयलिताहा,जयललिता
jaylalita,जालितावा,जयललिता
jarakh,अवाघ,जरख
zarakh,अरख,जरख
jarda,रदा,जर्दा
jardaa,ज्दा,जर्दा
zarda,ज्दा,जर्दा
jalagati,जागति,जलगति
jalgati,जगति,जलगति
jalgti,जगति,जलगति
jalte,ज़ते,जलते
jalbharav,ज़भरव,जलभराव
jalbhraav,ज़धराव,जलभराव
jalbhrav,ज़रवाव,जलभराव
jalvaayu,ज्यायुव,जलवायु
jalvayu,ज्वयुव,जलवायु
jalesar,जलसार,जलेसर
jasmeet,जसीत्त,जसमीत
jasmit,ज्मित्त,जसमीत
jassee,जसी,जस्सी
jassi,जसि,जस्सी
jamaanaa,जानाा,ज़माना
jamana,जनाना,ज़माना
zamaanaa,जमाना,ज़माना
zamana,जनाना,ज़माना
jaljale,जलाले,ज़लज़ले
zalzale,जलजील,ज़लज़ले
zee,ई,ज़ी
jubaan,उबान,ज़ुबान
juban,बागान,ज़ुबान
zuban,बुज्ञ,ज़ुबान
jaanch,नच,जाँच
jaaunch,जुंच,जाँच
janch,ंच,जाँच
jaunch,नच,जाँच
jaagriti,जगरिति,जागृति
jagriti,जगृति,जागृति
jagruti,जगुति,जागृति
jajamau,जामौह,जाजमऊ
jajmau,जमौह,जाजमऊ
jajmauu,जामौु,जाजमऊ
jaat,त्त,जात
jat,ब्त,जात
jaatak,तक,जातक
jatak,कक,जातक
jaatakon,जतकों,जातकों
jaatkon,आतकों,जातकों
jatakon,जाकों,जातकों
jaatiyon,जातियों,जातियों
jatiyon,जावनों,जातियों
jaankaaron,जनकरों,जानकारों
jaankaron,जनारों,जानकारों
jankaron,जंतालों,जानकारों
jaanam,नाम्ष,जानम
janam,नम,जानम
jaayke,जायाक,जायके
jayke,जकी,जायके
jaawar,जवर,जावर
zawar,जवर,जावर
jing,नग,जिंग
gin,नें,जिन
jeen,ईन,जिन
jin,नें,जिन
ginee,गीन,जिनी
jinee,जियो,जिनी
jini,नि,जिनी
geneva,जनवा,जिनीवा
jeneva,जेवावा,जिनीवा
jiniva,जिवावा,जिनीवा
gypsy,ग्प्याइ,जिप्सी
jimme,ज्मेश,जिम्मे
jiya,यिया,जिया
gic,किस,जीआईसी
gr,र,जीआर
gm,्म,जीएम
gsm,म्स,जीएसएम
gtod,कोड,जीतोड़
gtor,सूर,जीतोड़
jeetod,एटोड़,जीतोड़
jitod,जिद्ध,जीतोड़
jean,एं,जीन
jeen,ईन,जीन
jin,नें,जीन
jeenon,यनों,जीनों
jinon,नोन,जीनों
jeepney,जीनेव,जीपनी
jipani,जिनि,जीपनी
jeeyo,एयो,जीयो
jio,यो,जीयो
jiyo,योयो,जीयो
jeera,यरा,जीरा
jira,यरा,जीरा
jeevant,एवंत,जीवंत
jivant,इवंत,जीवंत
jeevan,ईवन,जीवन
jeewan,ईवन,जीवन
jivan,िवन,जीवन
jiwan,िवन,जीवन
jeevanshaili,जीवंशिली,जीवनशैली
jivanshaili,जिवंशाली,जीवनशैली
jeevniyaan,जीनियां,जीवनियां
jivaniya,जियानिया,जीवनियां
jivaniyaan,जिवनियां,जीवनियां
jivaniyan,जियानियां,जीवनियां
jeevraaj,जीराज्ज,जीवराज
jivraj,ज्वाजाज,जीवराज
jua,ाया,जुए
jue,उए,जुए
juye,जी,जुए
jutee,ज्ती,जुटी
juti,द्ति,जुटी
judaai,जुाबी,जुड़ाई
judae,जुज़ा,जुड़ाई
judai,दुजी,जुड़ाई
judaai,जुाबी,जुदाई
judai,दुजी,जुदाई
junoon,नुन,जुनून
junun,नुन,जुनून
junooni,नुनिय,जुनूनी
jununi,नुनि,जुनूनी
jubair,ज्बायर,जुबेर
juber,ज़रेर,जुबेर
zubair,जुबर,जुबेर
juraab,उराब,जुराब
jurab,उरब्ब,जुराब
julaahon,जुहों,जुलाहों
julahon,उलाहों,जुलाहों
julmon,उलमों,जुल्मों
zulmon,जुमोन,जुल्मों
jood,ोद,जूड
jud,द्ब,जूड
junagadh,जुनाधाध,जूनागढ
junagarh,जनगर्ध,जूनागढ
junior,नुयर्र,जूनियर
jealous,जलास,जूलूस
juloos,उलूस,जूलूस
julus,उलुस,जूलूस
jetha,एता,जेठा
jenner,एनर्र,जेनर
generic,जीरिक्स,जेनरिक
jenrick,एंरिक्क,जेनरिक
generat,ग्रेट्ट,जेनरेट
generate,गेरातेश,जेनरेट
jenee,एनी,जेनी
jenni,निन,जेनी
jenny,जनी,जेनी
james,जांस,जेम्स
jeremy,ज्रिय,जेरेमी
gerome,गरमे,जेरोम
jerome,जरमे,जेरोम
jacks,क्स्स,जैक्स
jain,ने,जैन
gene,जने,जैने
jaine,जने,जैने
jaino,एनो,जैनों
jainon,ानोन,जैनों
jerry,जर्य,जैरी
jasper,जस्रेर,जैस्पर
jogging,जगिंग,जॉगिंग
johnson,ज़नसों,जॉनसन
jobs,ोज्स,जॉब्स
jockey,जिके,जोकि
joki,ोकि,जोकि
jokhim,जिप्म,जोखिम
joddta,जूदता,जोड़ता
jodta,ोदता,जोड़ता
jorhta,ज्रता,जोड़ता
jodiyon,जोलियों,जोड़ियों
jodo,ोडो,जोड़ो
jaun,नाग,जौं
gyatavya,ग्वव्याव,ज्ञातव्य
gyatvy,ग्वव्य,ज्ञातव्य
gyapit,गिप्त,ज्ञापित
jyotiba,जोतिबा,ज्योतिबा
joint,ोंट,ज्वाइंट
jvar,वार,ज्वार
jwar,वार,ज्वार
jvaaron,जवालों,ज्वारों
jvaron,जरोन,ज्वारों
jwaron,वारोण,ज्वारों
jewellers,जीलर्स्स,ज्वेलर्स
jh,ह,झ
jha,ा,झ
jhalakti,जाक्ति,झलकती
jhalkati,ज़कति,झलकती
jhalla,जला,झल्ला
jhankana,जनाना,झांकना
jhankna,जनाना,झांकना
jheel,ईहल,झील
jhil,िल,झील
jheelon,ईलों,झीलों
jhilon,िलों,झीलों
jhuthala,झुहाला,झुठला
jhuthla,झुला,झुठला
jhuthalane,झुहानाले,झुठलाने
jhuthlane,झुलने,झुठलाने
tankaar,तंकर,टंकार
tankar,कंतर,टंकार
takara,तारा,टकरा
takra,त्रा,टकरा
takaraon,तायूरण,टकरावों
takravon,तकरोण,टकरावों
tapakti,तक्ति,टपकती
tapkati,त्कति,टपकती
time,त्यो,टाइम
timer,प्रेर,टाइमर
taoo,ौबू,टाऊ
tau,ब,टाऊ
tapoowo,तूवो,टापुओं
tapuon,पुन,टापुओं
tapuwo,तुवो,टापुओं
tied,िब्द,टायर्ड
tired,पर्ड,टायर्ड
tyred,त्रेद,टायर्ड
tarch,र्च,टार्च
torch,ोप्थ,टार्च
tik,क,टिक
teap,ेप,टिप
tip,पी,टिप
tippanikar,तिपनिकर,टिप्पणीकार
tippnikar,तिपनिकर,टिप्पणीकार
tivolee,तिवली,टिवोली
tivoli,तियुलि,टिवोली
teekamgarh,तीकमधार,टीकमगढ़
tikamgarh,तिकमगढ़,टीकमगढ़
teekon,ीकोन,टीकों
tikon,िकों,टीकों
two,ोव,टु
tension,स्नियों,टेंशन
tenis,ेंसिस,टेनिस
tennis,ेंसिस,टेनिस
taste,त्सेत,टेस्ट
test,ेस्ट,टेस्ट
tasting,तस्तिंग,टेस्टिंग
testing,तेस्ंग,टेस्टिंग
tainin,ाकिन,टैनिन
tenin,ेनिन,टैनिन
tanish,ांवश,टैनिस
tennis,ेंसिस,टैनिस
taboo,बू,टैबू
taiboo,तियू,टैबू
taobao,तबाओ,टैबू
tonic,ोनिक,टॉनिक
tonga,ोंगा,टोंगा
toka,ोका,टोका
tuesday,तिस्दाय,ट्यूजडे
tuning,पुंग,ट्यूनिंग
tuberculosis,तबर्कोलिसिस,ट्यूबरक्यूलोसिस
tuberkyulosis,तबरकिलोसिस,ट्यूबरक्यूलोसिस
truck,रक्क,ट्रक
trangistor,त्रंसिस्टर,ट्रांजिस्टर
tranjister,त्रांसिट्रेट,ट्रांजिस्टर
transistor,त्रंसिस्रोर,ट्रांजिस्टर
transfer,त्रस्लेर्ट,ट्रान्सफर
tribunal,त्रिनालल,ट्रिब्युनल
tribunal,त्रिनालल,ट्रिब्यूनल
trubyunal,त्रियुनल,ट्रिब्यूनल
truth,र्थ,ट्रुथ
tuth,त्भ,ट्रुथ
traded,तालेद,ट्रेडेड
trabal,त्राजल,ट्रेबल
trebal,त्रबल,ट्रेबल
trouble,त्रबले,ट्रेबल
traip,रिप्ष,ट्रैप
trap,रप,ट्रैप
trot,तोत,ट्रॉट
trott,त्टिट,ट्रॉट
thakkar,तकार,ठक्कर
thakkr,तकृ,ठक्कर
thaharne,थारने,ठहरने
thahrane,थरने,ठहरने
theharne,थालने,ठहरने
thikane,थिकाने,ठिकाने
thumari,त्रापि,ठुमरी
thumri,त्रिय,ठुमरी
theinga,तिंगा,ठेंगा
thenga,तंगा,ठेंगा
thengaa,त्गाना,ठेंगा
daglas,दगलस,डगलस
douglas,दौजास,डगलस
dabhara,दारा,डभरा
dabhra,भरा,डभरा
dabhoi,दूभी,डभोई
dam,म,डम
dum,म्हम,डम
darate,दरते,डराते
daratey,दरते,डराते
daravani,दावनि,डरावनी
darawani,दावनि,डरावनी
dravani,द्रानिय,डरावनी
down,ोन,डाउन
daak,क,डाक
dak,क,डाक
daka,का,डाका
dabi,बिबी,डाबी
dabolim,दाबलिम,डाबोलिम
dinosaur,दिनसार,डायनासोर
diaries,दियासेश,डायरीज
dit,त्ब,डिट
depthiriya,दितिरिया,डिप्थीरिया
diphtheria,दिथरिया,डिप्थीरिया
de,े,डीई
dealership,देर्शिप्ष,डीलरशिप
dvc,सिक,डीवीसी
dubaana,दुजाना,डुबाना
dubana,दभना,डुबाना
dubona,दुना,डुबोना
dulne,द्लेन,डुलने
doonarpur,दूरपुर्र,डूंगरपुर
doongarpur,दूंदपुर,डूंगरपुर
dungarpur,दंगृपर,डूंगरपुर
dungerpur,दंबृपर,डूंगरपुर
dubana,दभना,डूबना
dubna,उबना,डूबना
dangerous,दंबरस,डेंजरस
daisy,जास्य,डेजी
dazy,ज्य,डेजी
deji,जी,डेजी
deputy,दित्वी,डेप्युटी
davidson,द्विसंस,डेविडसन
devidson,डीवसंस,डेविडसन
davey,दावी,डेवी
devi,लवी,डेवी
dewey,दीय,डेवी
destination,डिस्तिनाटिन,डेस्टिनेशन
datson,दसों,डैटसन
datsun,तसुन,डैटसन
daddy,द्द्य,डैडी
dark,क्क,डॉर्क
dork,ोपक,डॉर्क
dose,डोस,डोज
domenic,डोनिकिस,डोमेनिक
doranda,दरंदा,डोरंडा
dolane,दोलने,डोलने
dolne,डोने,डोलने
dual,दाल,ड्युअल
duak,कक,ड्यूक
duke,दके,ड्यूक
drame,द्रेश,ड्रामे
dramen,ड्रेनें,ड्रामे
drager,द्रेशर,ड्रेजर
dredger,ड्रेजर्ड,ड्रेजर
dreijer,ड्रिजर,ड्रेजर
dhakaal,धकल,ढकाल
dhakal,दानह,ढकाल
dhakkal,धकाल,ढकाल
dhkal,दाल,ढकाल
dhale,धेल,ढले
dhoondh,ौंध,ढूंढ
dhundh,नध्ध,ढूंढ
dhoondhata,धोधता,ढूंढता
dhundhata,धंधता,ढूंढता
dhundhta,धंथा,ढूंढता
dhoondhi,धुंधी,ढूंढी
dhundhi,धंभी,ढूंढी
tanjavur,तंजुर,तंजावुर
thanjavur,तंवुर,तंजावुर
tantr,नत्र,तंत्र
tantra,त्त्रा,तंत्र
tantrikao,त्मृकाओक,तंत्रिकाओं
tantrikaon,तंत्राकों,तंत्रिकाओं
tantro,त्तृो,तंत्रों
tantron,त्मृं,तंत्रों
tagade,तगादे,तगड़े
tagde,तग्दे,तगड़े
tadipaar,तदिपार,तड़ीपार
tadipar,तादिपर,तड़ीपार
tani,नि,तनी
tapan,पान,तपन
tarafa,त्राजा,तरफा
tarfa,त्राज,तरफा
tarabganj,तरबंजग,तरबगंज
taras,तास,तरस
taraash,तारश,तराश
tarash,ताश्ष,तराश
tarashay,ताराश्य,तराशे
tarashe,तरशे,तराशे
tareeko,तीकोक,तरीको
tariko,तिको,तरीको
tark,क्व,तर्क
tarkvaad,त्रवाद,तर्कवाद
tarkvad,त्ववाद,तर्कवाद
tarkwaad,त्रवाद,तर्कवाद
tarko,त्को,तर्कों
tarkon,त्कोण,तर्कों
talabgaar,तलबगार,तलबगार
talabgar,तलबदर,तलबगार
talbagaar,तलबादार,तलबगार
talbagar,तलबार,तलबगार
talawe,तायाबे,तलवे
talve,त्वेह,तलवे
talawon,तायों,तलवों
talvon,त्वोन,तलवों
tahakhana,तखना,तहखाना
tahkhaana,त्खाना,तहखाना
tahkhana,त्खना,तहखाना
taantaa,तंता,तांता
tanta,मता,तांता
tambe,त्बे,तांबे
tanbe,त्जी,तांबे
taaja,जा,ताजा
taajaa,ताजा,ताजा
taaza,जाजा,ताजा
taja,जा,ताजा
taza,जा,ताजा
tansen,तंसें,तानसेन
taapmaanon,तपमानों,तापमानों
tapmano,त्पनोों,तापमानों
tapmanon,त्पनोनों,तापमानों
taapti,त्पि,ताप्ती
tapti,त्ति,ताप्ती
tarabai,ताबायी,ताराबाई
taseer,तसीर,तासीर
tasir,तास्र,तासीर
taahi,ती,ताहि
tahi,ति,ताहि
tikone,तिने,तिकोने
tirupati,तृपति,तिरूपति
tiwari,त्वारि,तिवारी
ti,ि,ती
teer,ीर,तीर
tir,िर,तीर
teeron,ीरोन,तीरों
tiron,िरों,तीरों
tirthatan,त्रतांखन,तीर्थाटन
tungnath,तंगाथ,तुंगनाथ
tughlaq,धगालक,तुगलक
tuglak,दगायक,तुगलक
tughlakabad,तगलकाबाद,तुगलकाबाद
tughlaqabad,तघलाबाबाद,तुगलकाबाद
tuglakabad,तगलकाबद,तुगलकाबाद
tugalaki,तगलकी,तुगलकी
tugalki,तगलकी,तुगलकी
tuglaki,तगलकी,तुगलकी
tufail,त्याइल,तुफैल
tejaji,तजाजी,तेजाजी
teji,ेसि,तेजी
tel,ेल,तेल
telon,ेलों,तेलों
to,ो,तो
toh,ोह,तो
taul,बल,तौल
tyohaar,त्यूरार,त्यौहार
tyohar,तोहर,त्यौहार
tyoihar,तोइरार,त्यौहार
tyauharon,ताहरों,त्यौहारों
tyoharon,तोहरों,त्यौहारों
tyoiharon,तोइरों,त्यौहारों
trijata,तिजाता,त्रिजटा
trijta,तिजता,त्रिजटा
triya,तिया,त्रिया
tremasik,त्रासिक,त्रैमासिक
trimasik,त्रसिक,त्रैमासिक
tse,से,त्से
thaki,कि,थकी
thki,कि,थकी
tharti,त्ति,थर्टी
thirty,त्रिव,थर्टी
thane,तेन,थाणे
thaanvi,त्विय,थानवी
thanvi,त्वि,थानवी
theateron,तेरों,थिएटरों
theatron,तेशोन,थिएटरों
theaters,तेर्स्स,थिएटर्स
theater,तेतर,थियेटर
theatre,तेत्रे,थियेटर
theateron,तेरों,थियेटरों
theatron,तेशोन,थियेटरों
thitron,त्रोनों,थियेटरों
theaters,तेर्स्स,थियेटर्स
theatrs,तेश्रस,थियेटर्स
thiyeters,तित्रस्र्स,थियेटर्स
thirake,त्रके,थिरके
thirke,त्रिक,थिरके
thief,िफ,थीफ
then,नें,थेन
theni,तिन,थेनी
thailee,थाली,थैली
thaili,तलि,थैली
thaile,थाले,थैले
dang,ंग,दंग
danga,ंगा,दंगा
dangon,ंगों,दंगों
dampati,दपति,दंपति
danpati,दपति,दंपति
dampatiyon,द्पतियों,दंपतियों
dampattiyon,दमात्तियों,दंपतियों
danptiyon,द्पतियों,दंपतियों
dadreva,द्रेवा,ददरेवा
dadrewa,द्रेवा,ददरेवा
damoh,दोह,दमोह
dardara,द्रारा,दरदरा
dardraa,द्र्रा,दरदरा
durdhara,दृधारा,दरदरा
darmiyaan,द्रियाना,दरमियान
darmiyan,द्रियान,दरमियान
darjano,द्जनों,दर्जनों
darjanon,द्लानों,दर्जनों
darp,प्र,दर्प
darra,र्रा,दर्रा
dalbadal,दलबलल,दलबदल
dalbadl,दलबल्ल,दलबदल
dali,लि,दली
dastaanaa,दस्ताना,दस्ताना
dastana,दस्ताना,दस्ताना
dastavej,दस्तावज,दस्तावेज
dahan,ानां,दहन
dahal,झल,दहल
da,ा,दा
daakhil,दाखिल,दाखिल
dakhil,दाइल,दाखिल
daakhile,दाखिले,दाखिले
dakhile,दाइले,दाखिले
daataa,दता,दाता
data,ता,दाता
dadari,दरिब,दादरी
daanshil,दानशील,दानशील
danshil,दंशील,दानशील
daabholkar,दाहोलकर,दाभोलकर
dabholkar,दभोकर,दाभोलकर
damale,दमेल,दामले
damle,द्ले,दामले
dayitv,जित्व,दायित्व
dayitva,दित्वा,दायित्व
dayitwa,दित्वा,दायित्व
dayitvon,दित्वों,दायित्वों
dayityon,दित्यों,दायित्वों
darul,दुल,दारूल
daav,आव,दाव
daaw,वा,दाव
dav,व,दाव
daw,व,दाव
daah,ाह,दाह
dah,ह,दाह
dikhla,दिला,दिखला
dikhlaa,दिला,दिखला
dikhaaiye,दिखाए,दिखाइये
dikhaiye,दिखाए,दिखाइये
dikhaai,दिखाई,दिखाई
dikhai,दिखाई,दिखाई
dikhayi,दियाइ,दिखाई
dikhaaee,दिखाई,दिखाईं
dikhaai,दिखाई,दिखाईं
dikhaain,दिखाएं,दिखाईं
dikhaee,दिखाई,दिखाईं
dikhai,दिखाई,दिखाईं
dikhayin,दियाइन,दिखाईं
dikhai,दिखाई,दिखायी
dikhayi,दियाइ,दिखायी
dikhaai,दिखाई,दिखार्इ
dikhae,दिखा,दिखार्इ
dikhai,दिखाई,दिखार्इ
dikhayi,दियाइ,दिखार्इ
dita,िता,दिता
ditaa,दिता,दिता
dinaank,निनक्ष,दिनांक
dinank,निंक,दिनांक
dirham,फ्रम,दिरहम
dilaaye,दियाली,दिलाये
dilaye,दियाए,दिलाये
deewani,द्वानि,दिवानी
diwani,दियानी,दिवानी
divy,नव्य,दिव्य
divya,द्वाया,दिव्य
divyata,दियता,दिव्यता
divya,द्वाया,दिव्या
deepan,ीपन्ज,दीपन
deepn,ीपन,दीपन
dipan,िपन,दीपन
deepsingh,दीपिंघ,दीपसिंह
dipsingh,दिसिंध,दीपसिंह
deepika,ेपिकावा,दीपिका
dipika,निकावा,दीपिका
deeya,यीया,दीया
diya,न्या,दीया
dukaanon,दुकनों,दुकानों
dukanon,ुकनोन,दुकानों
dukke,दके,दुक्के
dukhan,ुखन,दुखन
dukhit,धकित,दुखित
dukhiyon,दुइयों,दुखियों
dukhon,ुखों,दुखों
dubhashiyon,दुशासियों,दुभाषियों
durgun,ुरगुन,दुर्गुण
durghatna,दृधकना,दुर्घटना
durghtna,दृतना,दुर्घटना
duneerti,दुर्तिव,दुर्नीति
durniti,द्रितिती,दुर्नीति
durbhiksh,दृभक्ष,दुर्भिक्ष
duvidhaaen,दुभालाएं,दुविधाएं
duvidhaayein,दुभालाइन,दुविधाएं
duvidhaen,दुभानें,दुविधाएं
duwaidhaayein,दुवाइजीन,दुविधाएं
dune,नुए,दूने
doordarshan,दूर्दशन,दूरदर्शन
durdarshan,दृद्षण,दूरदर्शन
dradh,राध,दृढ़
dridh,र्ध,दृढ़
dekhoge,दीखोग,देखोगे
denevaali,देवालिया,देनेवाली
denevali,देवालिय,देनेवाली
denewaali,देनवाली,देनेवाली
denewali,देनारिय,देनेवाली
deonar,दोनर,देवनार
devnaar,दीनार,देवनार
devnar,दीनर,देवनार
devaapur,दीवापुर,देवापुर
devapur,दीवुर,देवापुर
devi,लवी,देवी
devisingh,देशिंग,देवीसिंह
devisinh,देशिन,देवीसिंह
deshkaal,देशानाल,देशकाल
deshkal,देकलाल,देशकाल
deshke,देकेश,देशके
desai,देसी,देसाई
doge,दोगे,दोगे
dvadash,द्वशाश,द्वादश
dwaadas,द्वाजस,द्वादश
dvivedi,द्वेदिदी,द्विवेदी
dwivedi,द्वेदिधी,द्विवेदी
dhande,धंबे,धंधे
dhandhe,धंहे,धंधे
dhndhe,धंहे,धंधे
dhandhon,धंधन,धंधों
dhandon,दंधन,धंधों
dhakelte,धकलते,धकेलते
dhkelate,धकलते,धकेलते
dhatana,धाना,धटना
dhatna,द्ना,धटना
dhankuber,धंखर,धनकुबेर
dhanadhany,धनाध्या,धनधान्य
dhandhaanya,धंध्या,धनधान्य
dhandhany,धंध्य,धनधान्य
dhandhanya,धंध्या,धनधान्य
dhamkaataa,धमकता,धमकाता
dhamkata,ध्कता,धमकाता
dhamm,मम्ष,धम्म
dhamma,ममा,धम्मा
dhammaa,धमा,धम्मा
dharmnath,ध्रणाथ,धर्मनाथ
dharmraj,धर्मज,धर्मराज
dharmesh,ध्रेश,धर्मेश
dhasmaanaa,धसमाना,धस्माना
dhasmana,धसंना,धस्माना
dhaak,काग,धाक
dhak,क,धाक
dhaaga,जगा,धागा
dhaagaa,धागा,धागा
dhaga,गाजा,धागा
dhaatuein,धातिन,धातुएं
dhaatuyein,धातियां,धातुएं
dhtuen,धुन,धातुएं
dhaarak,ारक,धारक
dharak,रक्ख,धारक
dhaari,धारी,धारी
dhari,रिह,धारी
dhuan,ुन्ज,धुआं
dhunaai,धनाई,धुनाई
dhunai,धनाई,धुनाई
dhuriya,धृया,धुरिया
dhuriyaa,धुयाया,धुरिया
dhuni,नि,धूनी
dhairyavaan,धाय्वानाशन,धैर्यवान
dhairyawan,धायरावन,धैर्यवान
dhiryavan,ध्यवनान,धैर्यवान
dhiryawaan,धियावान,धैर्यवान
dhokebaaj,धोकबाज,धोखेबाज
dhokebaaz,धोकबाज,धोखेबाज
dhokebaj,धोकाजाज,धोखेबाज
dhokebaz,धोकाबाज,धोखेबाज
dhokhebaaj,धोखबाज,धोखेबाज
dhokhebaj,धोखबाज,धोखेबाज
dhona,ोना,धोना
dhonaa,धोना,धोना
dhoraaji,धोराइज,धोराजी
dhoraji,धोजि,धोराजी
dhoron,ोरोण,धोरों
dhyeyavaadi,ध्यवादिही,ध्येयवादी
dhyeywadi,धीयाधि,ध्येयवादी
dyeyvadi,द्यवादि,ध्येयवादी
dhrupad,धुपद्ध,ध्रुपद
drupad,दृपद,ध्रुपद
nandanvan,नंद्वनान,नंदनवन
nadsa,ज्सा,नक्सल
naksal,नक्सल,नक्सल
naxal,नकल,नक्सल
naksalavaad,नकसालावाद,नक्सलवाद
naksalwaad,नकसलवाद,नक्सलवाद
naksalwad,नकस्राजाद,नक्सलवाद
naxalvaaad,नक्लवादाह,नक्सलवाद
naxalwaad,नकलवादाद,नक्सलवाद
naksaliyon,नक्सियों,नक्सलियों
naxaliyon,नसनियों,नक्सलियों
naksali,नक्रिय,नक्सली
naxali,नकलि,नक्सली
nagaada,नगादा,नगाड़ा
nagaadaa,नगादा,नगाड़ा
nagaaraa,नगारा,नगाड़ा
nageene,नेशने,नगीने
nagine,नागिन,नगीने
najarandaaj,नजरंदज,नजरंदाज
najarandaaz,नजरंदाज,नजरंदाज
nazarandaaj,नजरंदज,नजरंदाज
nazarandaaz,नजरंदाज,नजरंदाज
nazarandaz,नजरंदज,नजरंदाज
najraane,नजराने,नजराने
nazraane,नजराने,नजराने
najariyon,नारियों,नजरियों
najriyon,नारियों,नजरियों
najron,नारोन,नजरों
najeeb,नाबीब,नजीब
najib,नाबिब,नजीब
najibabaad,नजिबाबाद,नजीबाबाद
najibabad,नजिबाबद,नजीबाबाद
najeem,नास्म,नजीम
najim,जान्म,नजीम
nazeem,नाज्म,नजीम
nana,ना,नना
nanaa,नाना,नना
nna,ना,नना
nanhe,न्हे,नन्हें
nanhein,न्हेनिन,नन्हें
nabj,बज,नब्ज़
nabja,ज्बा,नब्ज़
nabz,बज,नब्ज़
namkeen,नाकीन,नमकीन
namkin,नकिन,नमकीन
narnaari,न्रालिव,नरनारी
narnari,न्रारिय,नरनारी
narbhakshi,नाभक्षि,नरभक्षी
naram,रम,नरम
narm,म्र्म,नरम
narmi,नरि,नरमी
narsanhar,नरसंर,नरसंहार
narsanharon,नरसंहरों,नरसंहारों
november,नवंबर,नवंबर
navketan,नवेतनां,नवकेतन
navjaagaran,नाजागरण,नवजागरण
navjagran,नाजग्रणान,नवजागरण
navdha,नभा,नवधा
navvadhoo,नवाधोषो,नववधू
navvadhu,नवाधुध,नववधू
nava,वा,नवा
navaa,नवा,नवा
navate,नावेट,नवाते
navanagar,नवंगर,नवानगर
nawanagar,नावंगर,नवानगर
navya,न्या,नव्या
naseem,नसीम,नसीम
nasim,नसिम,नसीम
nights,न्चस्ष,नाइट्रस
nitrous,निटोस,नाइट्रस
nineteez,नितेश,नाइनटीज
nineties,नितिसेश,नाइनटीज
ninties,निक्शेस,नाइनटीज
nau,ाई,नाऊ
nauu,ौऊ,नाऊ
naakaam,नकाम,नाकाम
nakam,कमाम,नाकाम
naagrik,नगरिक,नागारिक
nagarik,नगरिक,नागारिक
nagrik,नगृक,नागारिक
nagin,नगिन,नागिन
nadep,जांप,नाडेप
nanak,नक,नानक
nanavati,नावति,नानावती
napane,नपने,नापने
napne,नपे,नापने
napa,नाव,नापा
naam,म्ज,नाम
naamdhari,नामारिय,नामधारी
namdhari,नधारि,नामधारी
namankano,नांकनों,नामांकनों
namankanon,नंकनों,नामांकनों
namavaliyon,नावलियों,नामावलियों
naamo,नोो,नामो
namo,मोओं,नामो
nayak,यक,नायक
naraji,नाजि,नाराजी
naraingarh,नार्गार्ध,नारायणगढ़
narayangadh,नारणगढ़,नारायणगढ़
narayangarh,नरानगढ़ह,नारायणगढ़
naasar,नसर,नासर
nahargadh,नहदाध,नाहरगढ
nahargarh,नहर्धाह,नाहरगढ
nikalegi,निकलेगी,निकलेगी
nikalogi,निकोगि,निकलेगी
nikaalani,निकलिन,निकालनी
nikaalni,निकलि,निकालनी
nikalani,नियानिय,निकालनी
nikalni,नियंलि,निकालनी
nicki,निकी,निकी
nicky,निक्व,निकी
niki,निक,निकी
niketan,निकांशन,निकेतन
nikhar,निवर,निखर
nikhari,निवरी,निखरी
nigar,निजर,निगर
nigger,नेगर्र,निगर
nichala,निजाला,निचला
nichalaa,निजाला,निचला
nichla,निजा,निचला
nitiyon,नियों,नितियों
nitya,निवा,नित्या
nityaa,निवा,नित्या
nidhaan,न्धान,निधान
nidhan,न्धान,निधान
nipatara,नितरावा,निपटारा
niptaara,नितारा,निपटारा
niptaaraa,नितारा,निपटारा
niptara,नितरा,निपटारा
niyanta,निकमा,नियंता
niyantaa,नियाता,नियंता
niya,न्या,निया
niyaa,निया,निया
nirdeshika,नृद्शिका,निर्देशिका
nirdeshikaa,नृद्शिका,निर्देशिका
nirdhaarit,नृदारित,निर्धारित
nirdharit,नृद्रित,निर्धारित
nirbaadh,निराघ,निर्बाध
nirbadh,नृबढ़,निर्बाध
niveshakartaa,निवस्कर्त्ता,निवेशकर्ता
niveshkarta,निश्कर्त्ता,निवेशकर्ता
niveshkartaa,निवस्कर्त्ता,निवेशकर्ता
nischal,निशल,निश्चल
nishchal,न्शाल,निश्चल
nishnaat,न्शनात,निष्णात
nishpaap,न्वपाप,निष्पाप
nihalaani,नहालानी,निहलानी
nihlaani,नहलानी,निहलानी
nihlani,नहलिन,निहलानी
nihaalchand,नहाल्चंद,निहालचंद
nihalchand,नहिंदंध,निहालचंद
neechaaee,नीखे,नीचाई
nichaai,निवाई,नीचाई
neat,एत,नीट
neet,ीत,नीट
neetiyon,नीवोन,नीतियों
nitiyon,नियों,नीतियों
neelagaay,नीलाजाए,नीलगाय
nilgai,निजाइ,नीलगाय
neelaabh,नीहाभ,नीलाभ
nilaabh,नियाभ,नीलाभ
nilabh,निहभ,नीलाभ
nuskhe,नश्खे,नुस्खे
noon,नां,नून
nun,न,नून
noobiyaa,नौबाया,नूबिया
nubiya,नबिया,नूबिया
nrityashaili,नृत्शाइलि,नृत्यशैली
nrutyashaili,नृत्शाइलि,नृत्यशैली
nrityon,नितोन,नृत्यों
nrutyon,न्रियों,नृत्यों
neco,नोक,नेको
neko,नोक,नेको
nectar,नेकर,नेक्टर
neg,ेग,नेग
nega,नेजा,नेग
networking,न्वृतिंग,नेटवर्किग
neto,नोट,नेटो
neta,नता,नेता
nemo,नो,नेमो
nelsan,न्लानान,नेल्सन
nelson,न्लोन,नेल्सन
nations,क्टनस्स,नेशंस
nehara,नहारा,नेहरा
nehra,नरा,नेहरा
naino,नियों,नैनो
nano,नो,नैनो
naivedh,नावेध,नैवेद्य
naivegh,नावेघ,नैवेद्य
nevedya,नवद्या,नैवेद्य
nominate,नोनाटेश,नॉमिनेट
naukari,नौकृ,नोकरी
naukri,नापरी,नोकरी
nokari,नकरी,नोकरी
nokri,नकृ,नोकरी
notes,नेस,नोट्स
nora,लरा,नोरा
nori,नरी,नोरी
nauner,नायर्ड,नौनेर
nauvahan,नाभान,नौवहन
naushad,नाशद,नौशाद
panchaang,पंखंग,पंचांग
panchang,पंगंग,पंचांग
punchang,पंचंग,पंचांग
punjab,पंब,पंजाब
punjabiyon,पुजाबियों,पंजाबियों
pantar,पंतर,पंटर
panter,पंतर,पंटर
punter,पुंतर,पंटर
pakaayein,पकायिन,पकाएं
pakaayen,पकाएं,पकाएं
pakaen,पकान,पकाएं
pakayen,पकाएं,पकाएं
pakaude,पकड़े,पकौड़े
pakshapat,पक्षत्त,पक्षपात
pakshpaat,पक्षातत,पक्षपात
pakshpat,पक्षत्त,पक्षपात
pagabadha,पगाभाधा,पगबाधा
pagbadha,पगभाधा,पगबाधा
pagalaa,पगला,पगला
pagla,पगला,पगला
pachaataa,पचाता,पचाता
pachata,पचाता,पचाता
patakkar,पतकार,पटककर
patkathaayein,पत्काशाएं,पटकथाएं
patkathaein,पत्काथिन,पटकथाएं
patkathayen,पत्काशें,पटकथाएं
patki,पति,पटकी
pataraani,पतारणी,पटरानी
patrani,पतनि,पटरानी
patavaari,पतवारी,पटवारी
patwari,पत्विय,पटवारी
pataakshep,पताक्षिप,पटाक्षेप
patachep,पाचिप,पटाक्षेप
patakshep,पतक्षिप,पटाक्षेप
patiya,पतिया,पटिया
patiyaa,पतिया,पटिया
padaraunaa,पदरणा,पडरौना
padrauna,पदरणा,पडरौना
padega,पदेगा,पड़ेगा
padegaa,पदेजा,पड़ेगा
padha,धा,पढ़ा
padhaa,पढा,पढ़ा
padhaataa,पधाता,पढ़ाता
padhata,पधता,पढ़ाता
patili,पतिली,पतीली
padamawati,पदमवति,पदमावती
padmavati,पदमावति,पदमावती
padmawati,पदमवति,पदमावती
padadhikari,पदधिकरी,पदाधिकारी
panapnaa,पनपना,पनपना
panpana,पंकाना,पनपना
panaamaa,पनामा,पनामा
panama,नामा,पनामा
paneer,नीर्व,पनीर
pammi,पमि,पम्मी
pammu,पमु,पम्मी
pummi,पमि,पम्मी
pummy,प्म्य,पम्मी
pardesiyon,पर्दसियों,परदेसियों
pardesi,पर्दिशी,परदेसी
parva,प्रव,परवा
parvaa,परवा,परवा
parwa,प्वा,परवा
parwaa,परवा,परवा
paraadheen,पराधीन,पराधीन
paraadhin,पराधिन,पराधीन
paradheen,परधीन,पराधीन
paradhin,परधिन,पराधीन
parikalpit,परिकलितित,परिकल्पित
parimal,पर्णल,परिमल
parishad,पर्शाद,परिषद
parishadiy,परिशादिय,परिषदीय
parishadiya,परिशादिया,परिषदीय
parishadon,परिशांड,परिषदों
parikhaen,परिखाएं,परीक्षाएं
parikshaayein,परिक्षाएं,परीक्षाएं
parikshaen,परिक्षाएं,परीक्षाएं
parosane,परोनाजी,परोसने
parosne,परोंस,परोसने
parda,पदा,पर्दा
pardaa,परदा,पर्दा
purple,पुर्ले,पर्पल
palatne,पलतने,पलटने
paltane,पाल्केन,पलटने
palaari,पलारी,पलारी
palari,पलिव,पलारी
pale,पेल,पले
palmonari,पलोनरिय,पल्मोनरी
pulmonary,पुमोनर्य,पल्मोनरी
plus,लस,पल्स
pulse,पुलेश,पल्स
pashtun,पश्तन,पश्तून
pashtuun,पश्तुन,पश्तून
pahan,ानान,पहन
pehan,ईजन,पहन
pahantaa,पहंता,पहनता
pahnata,पानता,पहनता
pehnate,पेंते,पहनता
pahanate,पहनते,पहनते
pahante,पांते,पहनते
pehnate,पेंते,पहनते
pahnaakar,पानाकर,पहनाकर
pahnakar,पानकर,पहनाकर
pehnakar,पेनकर,पहनाकर
pahnaati,पानाति,पहनाती
pahnati,पानति,पहनाती
pehnati,पेंति,पहनाती
pahani,पानि,पहनी
pahni,पानि,पहनी
pehni,पेनी,पहनी
pahno,पानो,पहनो
pehno,पेनो,पहनो
pahla,पहाला,पहला
pahlaa,पहाला,पहला
pehla,पहाला,पहला
paheliyaan,पहलियां,पहेलियां
paheliyan,पहलियां,पहेलियां
paheliyon,पहलियों,पहेलियों
pide,पिड,पाइड
pied,ियद,पाइड
pythagoras,प्थागोरसास,पाइथागोरस
pythogaras,प्थोगरस,पाइथागोरस
paakhandi,पखंदी,पाखंडी
pakhandi,पखंधि,पाखंडी
paathshaalaayein,पाष्षालाइन,पाठशालाएं
pathshalayein,पथशालीन,पाठशालाएं
pathshalayen,पथशालीन,पाठशालाएं
paathyakram,पाथ्यक्रमाम,पाठ्यक्रम
pathyakram,पथ्यकरम,पाठ्यक्रम
pathykram,पथ्यपमर्म,पाठ्यक्रम
paathyakramon,पाठ्यकृमों,पाठ्यक्रमों
pathyakramon,पथ्यकृमों,पाठ्यक्रमों
pathykramon,पथ्यपमरों,पाठ्यक्रमों
population,पोलातियों,पापुलेशन
pailot,पैलत,पायलट
pilot,पिट,पायलट
pailoton,पैलोंस,पायलटों
piloton,पिरों,पायलटों
paarampariktaa,पारमपरिक्तिता,पारंपरिकता
paramparikata,परमपरिकताता,पारंपरिकता
paramparikta,परमरिक्तिता,पारंपरिकता
parnel,पर्नल,पार्नेल
parnell,पर्नल,पार्नेल
parleron,पर्लोंस,पार्लरों
parloron,परोलों,पार्लरों
parlouron,परोरोण,पार्लरों
paarshad,पर्षद,पार्षद
parshad,पराद्ध,पार्षद
paarshadon,पार्षोंगों,पार्षदों
parshadon,पर्षों,पार्षदों
parshdon,पर्धों,पार्षदों
policy,पोइसिय,पालिसी
pinta,पंता,पिंटा
pintaa,पिका,पिंटा
piega,पीगा,पिएगा
piyegaa,पिजा,पिएगा
pic,किस,पिक
pick,किक,पिक
pik,क,पिक
piki,पिक,पिकी
piky,पिय,पिकी
picture,पिक्रे,पिक्चर
pigmentation,पिंसेंटेंट,पिगमेंटेशन
pigs,िग्स,पिग्स
pichde,पिदे,पिछड़े
pichhade,पिघड़े,पिछड़े
pijja,पजाजा,पिज्जा
pizza,पेजा,पिज्जा
pitaamaha,पितमहा,पितामह
pitamah,पितामह,पितामह
pipra,पिरा,पिपरा
pipraa,पिरा,पिपरा
pipli,पिलि,पिपली
pearson,पार्सन,पियरसन
pierson,पीरोंज,पियरसन
peary,पायरी,पियरी
piyari,पियृ,पियरी
pisaai,पियाजी,पिसाई
pisai,पिया,पिसाई
pihaani,पीानि,पिहानी
pihani,पीनि,पिहानी
pib,िब,पीआईबी
pr,र,पीआर
pml,मल,पीएमएल
pmo,मो,पीएमओ
pmch,प्च,पीएमसीएच
psv,स्व,पीएसवी
peaking,पेकिंग,पीकिंग
picking,पिकिंग,पीकिंग
peetne,पेंवे,पीटने
pitne,पिंबे,पीटने
pedia,पेदाया,पीडिया
pidiya,पिदिया,पीडिया
pidiyaa,पिदिया,पीडिया
peelepan,पीनापन,पीलेपन
pilepan,पियंकन,पीलेपन
pv,वी,पीवी
pisa,िसा,पीसा
putla,प्तला,पुतला
putlaa,पुला,पुतला
putaliyaan,पुतलियां,पुतलियां
putliyan,पुलियां,पुतलियां
putaliyon,पुड़ियों,पुतलियों
putliyon,पुलियों,पुतलियों
putali,प्तलि,पुतली
putli,प्तलि,पुतली
putale,पुड़े,पुतले
putle,पुले,पुतले
putin,प्तिन,पुतिन
putul,पूल्ल,पुतुल
punargathan,पुनद्थान,पुनर्गठन
puna,नाना,पुना
puraane,पुराने,पुराने
purane,पुराने,पुराने
puru,पुर,पुरू
purjon,प्रोनों,पुर्जों
purzon,प्रोंज,पुर्जों
pulam,पुल्म,पुलम
pushkin,पशकिन,पुश्किन
pushkarana,पुकरणाना,पुष्करणा
pushkarna,पुकरणना,पुष्करणा
pushkarnaa,पुष्करणा,पुष्करणा
pushp,पश्प,पुष्प
pushpa,पश्पा,पुष्प
pushpa,पश्पा,पुष्पा
pushpaa,पुशावा,पुष्पा
pushpit,पश्पित,पुष्पित
pushpon,पश्पों,पुष्पों
poonjikaran,पुंजिकरण,पूंजीकरण
punjikaran,पुंजियामान,पूंजीकरण
poojaapaath,पूजापत,पूजापाठ
poojapath,पूजपथ,पूजापाठ
pujapath,पुजात्थ,पूजापाठ
pooranpur,पूर्णुर,पूरनपुर
puranpur,पुरंपुर,पूरनपुर
purvaabhaas,पुरवाशास,पूर्वाभास
purvaabhas,पुराभासास,पूर्वाभास
purvabhaas,पुरभासास,पूर्वाभास
purvabhas,पुरभासश,पूर्वाभास
pendulam,पेंदलम,पेंडुलम
pendulum,पेंदुम्र,पेंडुलम
peg,इज,पेग
pages,पगेस,पेजेज
pajej,पज़ग,पेजेज
pace,पेस,पेस
pes,यस,पेस
pastry,पस्त्री,पेस्ट्री
pangolin,पंगलिन,पैंगोलिन
pengolin,पेंजलिन,पैंगोलिन
packard,पकर्द,पैकर्ड
package,पकागे,पैकेज
packageon,पकागों,पैकेजों
packagon,पकागों,पैकेजों
packajon,पकजों,पैकेजों
paim,न्म,पैम
pam,म,पैम
paratrooper,परतुपर्र,पैराट्रूपर
peratrupers,परात्रिर्स्स,पैराट्रूपर
paranormal,परणोरमल,पैरानॉर्मल
peranormal,परणोरमल,पैरानॉर्मल
paraffin,परफिन,पैराफिन
parafin,परफिन,पैराफिन
perafin,परफिन,पैराफिन
parabola,परबला,पैराबोला
perabola,परबला,पैराबोला
polimer,पोल्रेर,पॉलिमर
polymer,पोल्रेश,पॉलिमर
polishing,पोलिंग,पॉलिशिंग
pokar,पोर,पोकर
poker,पोर्व,पोकर
polish,पलिश,पोलिश
poshit,पशित,पोषित
posta,पोसा,पोस्ता
pau,ब,पौ
pyade,प्यागे,प्यादे
prakriya,प्रकृया,प्रक्रिया
prakshepak,प्रक्षकाक,प्रक्षेपक
pratigya,प्रिग्या,प्रतिज्ञा
prtigyaa,प्रिग्या,प्रतिज्ञा
pratibhutiyan,प्रतिभूतियां,प्रतिभूतियां
pratiyon,प्रियों,प्रतियों
prativaad,प्रतिवाद,प्रतिवाद
prativad,प्रिवाद,प्रतिवाद
prativadi,प्रिवादिही,प्रतिवादी
pratishat,प्रिशत्त,प्रतिशत
praneet,प्रीत्त,प्रनीत
pranit,पालित,प्रनीत
prapaat,प्रात्त,प्रपात
prapat,प्रत्त,प्रपात
prapaaton,प्रातों,प्रपातों
prapaton,प्रतों,प्रपातों
prabodhini,प्रोधिनि,प्रबोधिनी
prayaasrat,प्रायस्रत्त,प्रयासरत
prayasarat,प्रासरत्त,प्रयासरत
pradarshan,प्रद्राणान,प्रर्दशन
prardashan,प्रदाशन,प्रर्दशन
pravati,प्रति,प्रवत्ति
pravatti,प्रत्ति,प्रवत्ति
prashaasanik,प्रशासनिक,प्रशासनिक
prashasanik,प्रशासनिक,प्रशासनिक
prashasnik,प्रशानिक,प्रशासनिक
prashaasanon,प्रशासनों,प्रशासनों
prashansanon,प्रांसंसनों,प्रशासनों
prashasanon,प्रसासनों,प्रशासनों
prashikshu,प्रशिषु,प्रशिक्षु
prastaavon,प्रस्तावों,प्रस्तावों
prastavon,प्रस्ताओं,प्रस्तावों
prahlaad,प्रलाद,प्रहलाद
prahlad,प्रलाद,प्रहलाद
prahasan,पारसन,प्रहसन
prahsan,पारसन,प्रहसन
prahaarak,पराहक,प्रहारक
praharak,पहरक्व,प्रहारक
prahad,पहाद्ध,प्रह्लाद
prahlad,प्रलाद,प्रह्लाद
privacy,प्राइक्षी,प्राइवेसी
praakkathan,प्रक्ताखन,प्राक्कथन
prakkathan,प्रकाथन,प्राक्कथन
praan,पान,प्राण
pran,मान,प्राण
pranon,पानोन,प्राणों
prathamik,प्रमिक्ख,प्राथमिक
prathmik,प्रमिक,प्राथमिक
praathmikata,प्रत्मिकताता,प्राथमिकता
prathmikta,प्रमिक्तिता,प्राथमिकता
prathmiki,प्रमिकिय,प्राथमिकी
pradhyapakon,प्र्धापकोंक,प्राध्यापकों
prapt,प्रत्त,प्राप्त
prapta,प्रता,प्राप्त
prapti,प्रति,प्राप्ती
praroop,परूप,प्रारूप
prarup,परप,प्रारूप
priyamani,प्रानानिय,प्रियामणि
proof,पूफ,प्रूफ
pruf,प्फ,प्रूफ
prekshakon,प्रक्षकों,प्रेक्षकों
prem,प्रम,प्रेम
premlata,प्रमाराता,प्रेमलता
prema,प्रामा,प्रेमा
premi,प्रिय,प्रेमी
profit,पोफिट,प्रॉफिट
processing,प्रोसिंगिंग,प्रॉसेसिंग
programers,प्रोस्रमर्स,प्रोग्रामर्स
programmers,प्रोस्रमेर्सर्स,प्रोग्रामर्स
programs,प्रग्रमस्स,प्रोग्रामर्स
proto,पोटो,प्रोटो
propellant,प्रोल्नेंट,प्रोपेलेंट
propellent,प्रोलिंटिंट,प्रोपेलेंट
praudh,पाध्ध,प्रौढ
proud,पूद्ध,प्रौढ
plan,लन,प्लेन
plane,पलेन,प्लेन
fund,नद्ध,फंड
funda,नदा,फंडा
funding,फंगिंग,फंडिंग
fandon,नदों,फंदों
fagua,फगा,फगुआ
fatane,फाने,फटने
phatane,फातने,फटने
phatne,फाने,फटने
fadfadata,फदफाताता,फड़फड़ाता
phadphadata,फद्धातता,फड़फड़ाता
fatehgadh,फाचगढ़,फतेहगढ़
fatehgarh,फाचगढ़ह,फतेहगढ़
fabti,फति,फब्ती
phabti,फाचि,फब्ती
farse,फसे,फरसे
pharase,फरसे,फरसे
pharse,फर्स,फरसे
farheen,फ्हिन,फरहीन
farhin,फहिन,फरहीन
farth,र्थ,फर्थ
ferth,फ्रथ,फर्थ
pharth,फ्थाह,फर्थ
farmion,फ्मियों,फर्मिऑन
fermion,फ्रोनिन,फर्मिऑन
firmian,फ्रिनान,फर्मिऑन
farookhabad,फोकभादाद,फर्रुखाबाद
farrukhabad,फरुखाबद,फर्रुखाबाद
farukhabad,फुखाबाद,फर्रुखाबाद
farookhnagar,फोपुगानादर,फर्रूखनगर
farrukhnagar,फरुखनगर,फर्रूखनगर
farukhnagar,फुखनगराद,फर्रूखनगर
falata,फाता,फलता
falta,लता,फलता
phalata,फाराता,फलता
falne,फने,फलने
phalne,फने,फलने
falitarth,फितर्थ,फलितार्थ
phalitartha,फलितर्था,फलितार्थ
falibhoot,फिभूत्थ,फलीभूत
falibhut,फिभूत,फलीभूत
phalibhoot,फाइयूट्ट,फलीभूत
favvara,फवरावा,फव्वारा
fawaara,फावारा,फव्वारा
favvare,फवरेव,फव्वारे
fawaare,फावाले,फव्वारे
favvaron,फवरोण,फव्वारों
fawaaron,फावरों,फव्वारों
faisala,फाजला,फ़ैसला
faisla,फाइला,फ़ैसला
follow,फलाव,फ़ॉलो
faansi,फंसि,फांसी
fansi,नसिय,फांसी
fatama,तमामा,फातमा
fatma,त्मावा,फातमा
faaf,ज्फ,फाफ
phaaph,फाच,फाफ
farsi,रसिय,फारसी
forcee,फ्रिव,फारसी
farm,र्म,फार्म
form,ोर्म,फार्म
farmic,र्मिक्स,फार्मिक
formic,ोर्मिक,फार्मिक
formulae,फोमुलाए,फार्मूले
formule,फोर्लेह,फार्मूले
formuley,फोमृली,फार्मूले
pharmacy,फर्सिय,फार्मेसी
pharma,फ्रा,फार्मों
pharmon,फ्रोनों,फार्मों
farms,र्मस्स,फार्म्स
finger,फिलर्ट,फिंगर
fikra,फिकारा,फिक्र
physician,फ्यसिकन,फिजिशियन
firti,फ्रिब,फिरती
fisla,फिला,फिसला
fislaa,फिला,फिसला
feeder,इडरेश,फीडर
fulaaye,फुयाए,फुलाए
fulae,फाला,फुलाए
fulay,फालय,फुलाए
furti,फ्रिब,फूर्ति
phurti,फ्रित,फूर्ति
fus,स्स,फूस
phoos,ोस,फूस
phus,पश,फूस
feka,ेका,फेका
fefada,फेडा,फेफड़ा
fefda,फेडा,फेफड़ा
facial,फकिल,फेशियल
fact,क्ट,फैक्ट
federal,फेरलाल,फैडरल
failkar,फाइकर,फैलकर
failaaiye,फायाइये,फैलाइए
failaea,फायाया,फैलाइए
failaiya,फायायाया,फैलाइए
failaiye,फाइयेज,फैलाइए
failegi,फाइजि,फैलेगी
font,नत,फॉन्ट
fogat,ोगत,फोगाट
phogat,फोट,फोगाट
fod,ोड़,फोड़
phod,फोद,फोड़
foda,ोदा,फोड़ा
fodaa,फोडा,फोड़ा
phoda,फोडा,फोड़ा
fode,फोड़,फोड़े
phode,फोड़े,फोड़े
fodo,ोडो,फोड़ों
fodon,ोडन,फोड़ों
phodo,फोड़ो,फोड़ों
fortis,फ्रिस्स,फोर्टिस
fusion,फासन,फ्यूजन
fuji,फाजी,फ्यूजी
fyuji,फाइजी,फ्यूजी
francisca,फ्मकिस्काशा,फ्रांसिस्का
franciska,फ्मकिस्का,फ्रांसिस्का
fransiska,फ्मसिस्का,फ्रांसिस्का
francisco,फ्नसिस्कोस,फ्रांसिस्को
francisko,फ्नसिसकों,फ्रांसिस्को
fransisko,फांसिसोको,फ्रांसिस्को
fringe,फिंज,फ्रिंज
friendship,फिंदशिप,फ्रेंडशिप
frost,फोस्ट,फ्रॉस्ट
flin,लिन,फ्लिन
flynn,लिन्न,फ्लिन
flesh,फेश,फ्लेश
bang,गंग,बंग
bung,ंग,बंग
bangbandhu,बंबंधुध,बंगबंधु
bangbhang,बंभंग,बंगभंग
bangash,बंगश,बंगश
bangsh,बंश,बंगश
bantane,ब्काने,बंटने
bantne,ब्कने,बंटने
bandhati,बंथि,बंधती
bandhti,बंति,बंधती
bandhan,ज्धन्धन,बंधान
bandhuon,बंधों,बंधुओं
bamba,ब्जाबा,बंबा
mumba,मबा,बंबा
bakaayon,बायों,बकायों
bakayon,बायों,बकायों
bakaul,बाउल,बकौल
bakoul,बोल्ल,बकौल
baksa,बसाका,बक्सा
baksi,बसि,बक्सी
bakse,बक्स,बक्से
bakhshane,बाखंजी,बख्शने
bakhshne,बाचने,बख्शने
bagad,बदद,बगड़
bagd,बंब,बगड़
bageechi,बेचिची,बगीची
bagichi,बिचि,बगीची
bachat,बत्थ,बचत
bachati,बति,बचती
bachti,ब्तिबी,बचती
bajana,बनाना,बजना
bajrangi,ब्रांगि,बजरंगी
bajaj,बजाज,बजाज
batalvi,बार्वि,बटालवी
badhachadhakar,बढ़भादकर,बढ़ाचढ़ाकर
badata,बताता,बढ़ाता
badhaataa,बढ़ता,बढ़ाता
badhata,बढ़ता,बढ़ाता
badhaati,बढ़ाति,बढ़ाती
badhati,बढ़िती,बढ़ाती
badhayi,बाहिय,बढ़ायी
badhav,बाधव,बढ़ाव
badhotari,बढ़तरी,बढ़ोतरी
badhotri,बढ़त्रि,बढ़ोतरी
batlaae,बताला,बतलाए
batlaaye,बताली,बतलाए
batlae,ब्राए,बतलाए
batlaye,बाराए,बतलाए
batlaakar,ब्रकार्ब,बतलाकर
batlakar,ब्लकर,बतलाकर
badlapur,बलापुर,बदलापुर
badali,बलिब,बदली
badli,बलि,बदली
badam,बमाम,बदाम
banva,ब्वा,बनवा
banvaa,ब्वाजा,बनवा
banaam,बानम,बनाम
banam,जाम,बनाम
bnaam,नाम,बनाम
baniya,बिया,बनिया
banu,नुब,बनू
barpaayaa,ब्रायावा,बरपाया
barpaya,ब्पयावा,बरपाया
barsa,बसा,बरसा
barsaata,ब्रासता,बरसाता
barsaataa,बरसता,बरसाता
barsata,बसताता,बरसाता
barhad,ब्धाद,बरहद
baraat,बारत,बरात
barat,बात्त,बरात
braat,बरत,बरात
baraamad,बारमद,बरामद
baramad,बमद्ध,बरामद
bramad,ब्रद्ध,बरामद
baramade,बरमादे,बरामदे
baramde,बरंदे,बरामदे
bare,बे,बरे
birth,ब्र्ध,बर्थ
baljeet,बजीत,बलजीत
baljit,बजित,बलजीत
ballabh,बलभ,बल्लभ
balla,बला,बल्ला
balli,बलि,बल्ली
basava,बावासा,बसावा
bastiyon,बस्तियों,बस्तियों
bahroopiya,बृषिया,बहरूपिया
bahrupiya,बृपिया,बहरूपिया
bahamaas,बमास,बहामास
bahamas,बमस्श,बहामास
bahaav,बाव,बहाव
bahav,बाव,बहाव
bhav,व,बहाव
bahavalpur,बावलपुर,बहावलपुर
bahawalpur,बावलपुर,बहावलपुर
bahuchara,बुचारा,बहुचरा
banthia,ब्धिया,बांठिया
banthiya,ब्धिया,बांठिया
bandhate,बंथास,बांधते
bandhte,बंते,बांधते
banbi,बंबी,बांबी
bombi,ब्निब,बांबी
bounceron,बनसोल्न,बाउंसरों
bowling,बोनिंग,बाउलिंग
baku,कुब,बाकू
bakuu,बुख,बाकू
baag,बग,बाग
bag,ग्ब,बाग
bagh,भाग,बाग
bagabani,बागानि,बागबानी
bagbani,बगानि,बागबानी
bagali,बालि,बागली
bagli,ब्लि,बागली
baagiyon,बागियों,बागियों
bagiyon,बगियों,बागियों
baago,बागो,बागो
bago,बोगो,बागो
baji,बि,बाज़ी
bazi,बि,बाज़ी
bajaru,बारु,बाजारू
bazaru,बारु,बाजारू
bajuon,बुन,बाजुओं
badh,भाध,बाध
badha,भाहा,बाधा
baadhaaon,बाधाओं,बाधाओं
baadhaon,बाधों,बाधाओं
badhaaon,बढ़ान,बाधाओं
badhaon,बाधन,बाधाओं
baadhit,ब्धित,बाधित
badhit,बृत,बाधित
baani,बिन,बानी
bani,निब,बानी
baapa,कपा,बापा
baapaa,बपा,बापा
bapa,का,बापा
bapaa,बावा,बापा
baabat,बात्ब,बाबत
babat,बत,बाबत
babt,ब्त,बाबत
bayern,बेयमल,बायर्न
byrun,ब्रण,बायर्न
barah,बाह,बारह
baarahamaasee,बारहमासी,बारहमासी
barahamasi,बारमसि,बारहमासी
barahmasi,बार्मसि,बारहमासी
barahsinga,बारसिंगा,बारहसिंगा
barasingha,बरसिंधा,बारहसिंगा
bala,बाला,बाला
baalti,ब्रिब,बाल्टी
balti,ब्ति,बाल्टी
balty,ब्त्य,बाल्टी
baldvin,ब्द्विन,बाल्डविन
baldwin,ब्द्विन,बाल्डविन
bavaji,बाजि,बावजी
bavji,बजी,बावजी
baawaraa,बावरा,बावरा
bavra,ब्रावा,बावरा
bawara,बारा,बावरा
baahulya,बाहिया,बाहुल्य
bahuly,बुल्य,बाहुल्य
bahulya,बुल्या,बाहुल्य
box,ोक्स,बाॅक्स
bikherati,बिवरति,बिखेरती
bikherti,बिवर्ति,बिखेरती
biggest,बिगेस्त,बिगेस्ट
bichhua,बिछा,बिछुआ
bichhuaa,बिछुा,बिछुआ
biji,बिजी,बिजी
busy,ब्सी,बिजी
buzy,ब्याज,बिजी
bipin,बिन्ज,बिपिन
bilae,बिया,बिलाई
bilai,बिया,बिलाई
billa,बिला,बिल्ला
billaa,बिला,बिल्ला
bilhaur,बिलार,बिल्हौर
bisva,बिवासा,बिस्वा
biswa,बिवा,बिस्वा
bag,ग्ब,बीएजी
bikaner,बिकालर,बीकानेर
bikaneri,बिकालरि,बीकानेरी
bk,क,बीके
beejak,बाजक,बीजक
bijak,बाकाक,बीजक
beef,ईफ,बीफ
beem,ईम,बीम
bim,िम,बीम
beemon,ब्मोन,बीमों
bimon,ब्मन,बीमों
beerganj,बीदनज्ज,बीरगंज
birganj,ब्रंजज,बीरगंज
beesavaan,बीवानास,बीसवां
bisavan,बिसाना,बीसवां
bisawan,बिसावन,बीसवां
beast,बास्त,बीस्ट
budvig,बुशिग,बुडविग
budwig,बुशिग,बुडविग
bull,ब्ल,बुल
bulaao,बलाओ,बुलाओ
bulao,बालाओ,बुलाओ
bule,बले,बुले
bulletin,ब्लेटिन,बुलेटिन
brijesh,ब्रेश,बृजेश
benvar,बेनार,बेंवर
benwar,बेनार,बेंवर
beaulad,बालाद,बेऔलाद
bekaaboo,बेकावो,बेकाबू
bekabu,बेकुभ,बेकाबू
bechakar,बिकारार,बेचकर
bechkar,बिकर,बेचकर
bechate,बेचते,बेचते
bechte,बिते,बेचते
bediyan,बेंजन,बेड़ियां
bethanal,ब्वानल,बेथनल
bethnal,ब्षालाल,बेथनल
benis,बनिस,बेनिस
belacha,बेधावा,बेलचा
belcha,ब्लाचा,बेलचा
belinda,बेनदा,बेलिंडा
bevkufana,बीकुनाना,बेवकूफाना
bewakoofaanaa,बीकूरणा,बेवकूफाना
bewkufana,ब्वुचनाना,बेवकूफाना
besahaaraa,बेशारा,बेसहारा
besahara,बेशारा,बेसहारा
basin,बिन,बेसिन
besin,बेंस,बेसिन
basil,बसिल,बेसिल
besil,बेलिल,बेसिल
bandage,बंगेज,बैंडेज
bandej,बंबज,बैंडेज
baithantey,बाशांते,बैठते
baithate,ब्वतेथ,बैठते
baitool,ब्कोल,बैतूल
baitul,ब्कृल,बैतूल
betul,ब्युल,बैतूल
baini,बिन,बैनी
beni,बनी,बैनी
bairakpur,बारकुर्र,बैरकपुर
barrackpore,बरक्पोर्योर,बैरकपुर
baila,बला,बैला
bella,बेला,बैला
ballistic,ब्लिस्टिक,बैलिस्टिक
bells,बल्स,बैल्स
bostan,बस्तान,बॉस्टन
bosten,बोस्नें,बॉस्टन
boston,बोसन,बॉस्टन
bokaro,बोरो,बोकारो
bodara,बोरा,बोदरा
bodra,बोरा,बोदरा
bodraa,बोरा,बोदरा
bona,ोना,बोना
borkar,बरकर,बोरकर
borivali,बोराइलि,बोरीवली
boriwali,बोरियाली,बोरीवली
born,ोल्न,बोर्न
bolane,बोने,बोलने
boliae,बोलिया,बोलिए
boliy,बोली,बोलिए
boliye,बोयिय,बोलिए
bosaan,बोनान,बोसान
bosan,बसन,बोसान
bauni,बनी,बौनी
bouni,ौनि,बौनी
byaawa,बायावा,ब्यावर
byavar,ब्यार्व,ब्यावर
brajesh,ब्रेश,ब्रजेश
brijesh,ब्रेश,ब्रजेश
brahmalin,ब्रमलिन,ब्रह्मलीन
brahmleen,ब्रामलिन,ब्रह्मलीन
brahmlin,ब्रमलिन,ब्रह्मलीन
bravo,ब्वोहो,ब्रावो
brigatn,ब्राक्षन,ब्रिगटन
brighton,ब्रचों,ब्रिगटन
brigton,ब्र्कों,ब्रिगटन
brigadier,ब्रिजादिर,ब्रिगेडियर
britain,ब्रिनाज,ब्रिटेन
breed,बीद्ध,ब्रीद
brock,रकक,ब्रोक
brok,रक,ब्रोक
broke,ब्रेक,ब्रोक
brocken,ब्रकेन,ब्रोकन
broken,ब्रेन,ब्रोकन
blosam,बोसम,ब्लॉसम
blossom,बोस्माम,ब्लॉसम
bhagaane,भगाने,भगाने
bhagane,भगने,भगाने
bhadakaaya,भड़काया,भड़काया
bhadakaya,भाकाया,भड़काया
bhadkaayaa,भड़काया,भड़काया
bhadkaya,भाकाया,भड़काया
bharakaaya,भरकाया,भड़काया
bharakaya,भाराया,भड़काया
bhabhoot,भूत्थ,भभूत
bhabhut,भूत,भभूत
bhay,या,भय
bhaya,या,भय
bhayo,बो,भयो
bharatanatyam,भरतानत्रम,भरतनाट्यम्
bharatnatyam,भरतंत्यम,भरतनाट्यम्
bhartnatyam,भर्मत्यमाम,भरतनाट्यम्
bharate,भरते,भरते
bharte,भरेत,भरते
bharani,भानि,भरनी
bharni,भनि,भरनी
bharane,भाले,भरने
bharne,भने,भरने
bhara,आरा,भरा
bhavishya,भविशाया,भविष्य
bhaate,भते,भाते
bhate,भाते,भाते
bhanu,नुख,भानू
bhabar,बार्ब,भाबर
bhareeye,भारी,भारीय
bhariy,बिय,भारीय
bhavanaon,भानाओं,भावनाओं
bhavnaon,भनाओं,भावनाओं
bhaskar,भसकर,भास्कर
bheed,ईद्ध,भीड़
bheera,ब्रा,भीरा
bhira,भरा,भीरा
bheesham,बीमाम,भीष्म
bhisham,ब्षम,भीष्म
bhishm,भ्षम,भीष्म
bhugat,भगत,भुगत
bhugata,भगता,भुगता
bhugta,भगता,भुगता
bhutto,भतो,भुट्टो
bhumi,धिय,भुमि
bhurbhura,भूरुरा,भुरभुरा
bhookh,ौख,भूख
bhukh,खख,भूख
bhookhi,भुखी,भूखी
bhukhi,भुखी,भूखी
bhoogol,भूलोल,भूगोल
bhugol,भुलोल,भूगोल
bhootal,भूर्ज,भूतल
bhutal,भूड़ल,भूतल
bhoopsingh,भूप्सुंह,भूपसिंह
bhupsingh,भुसिंग,भूपसिंह
bhumi,धिय,भूमी
bhumika,भमकावा,भूमी
bhulata,भुता,भूलता
bhulataa,भुराता,भूलता
bhulta,भूता,भूलता
bhula,भला,भूला
bhulaa,भुाा,भूला
bhooli,भली,भूली
bhuli,भली,भूली
bhulo,भोल,भूलो
bhulon,भोन,भूलों
bhusi,भसी,भूसी
bhooswaami,भोशाप्री,भूस्वामी
bhusvami,भस्वमि,भूस्वामी
bhuswami,भस्वमि,भूस्वामी
bhengapan,बनगानन,भेंगापन
bhairavnath,भारवंत,भैरवनाथ
bhairo,बृो,भैरो
bhogatey,भोकते,भोगते
bhogte,भोते,भोगते
bhola,बला,भोला
bholi,बली,भोली
bholu,बुल,भोलू
bhaunho,भनो,भौंहों
bhaunhon,भनों,भौंहों
bhoonhon,भुनों,भौंहों
bhraant,भामत्त,भ्रांत
bhrant,भंत,भ्रांत
brant,ब्मेत,भ्रांत
bhraanti,भरंति,भ्रांति
bhranti,भमति,भ्रांति
branti,ब्माचि,भ्रांति
bhraantiyan,भ्रांतियां,भ्रांतियां
bhrantiyan,भ्रांतियां,भ्रांतियां
bhraantiyon,भ्रांतियों,भ्रांतियों
bhrantiyon,भ्रांचियों,भ्रांतियों
mangesh,मंगश,मंगेश
manch,नच,मंच
manchit,मिचित,मंचित
mancheeye,मंचीय,मंचीय
manchiy,मंचीय,मंचीय
manchiya,मंचिया,मंचीय
manchon,न्चोन,मंचों
manjil,मंजिल,मंजिल
manzil,मंजिल,मंजिल
manjila,मंजिला,मंजिला
manzila,मंजिला,मंजिला
manjilein,मंजिलिन,मंजिलें
manjilen,मंजिलन,मंजिलें
manzilein,मंजिलिन,मंजिलें
manto,मतो,मंटो
mantriyon,मंत्रियों,मंत्रियों
makrani,मकरिन,मकरानी
maksad,मकसद,मक्सद
makhdumpur,मखद्पुरुर,मखदुमपुर
machaaye,मचाए,मचाए
machae,मचाए,मचाए
machaye,मचाए,मचाए
machaanon,मचनों,मचानों
machanno,मचनोन,मचानों
machano,मचनों,मचानों
machanon,मचनों,मचानों
madaura,मादरा,मढ़ौरा
madhuara,मधुरा,मढ़ौरा
madhura,मधरा,मढ़ौरा
manipal,मनियल,मणिपाल
matpatron,मत्पृं,मतपत्रों
matthe,मतेह,मत्थे
matsyavatar,मत्सवात्रार,मत्स्यावतार
matsyavtar,मत्सव्तरार,मत्स्यावतार
masyendranath,मस्यंद्रानाथ,मत्स्येंद्रनाथ
matsyendranath,मत्सिंद्रांद,मत्स्येंद्रनाथ
madhupur,मधुपुर,मधुपुर
manmarji,मंर्जि,मनमर्जी
manae,माने,मनाए
manaye,मानी,मनाए
mnaey,मानी,मनाए
mam,म,मम
mum,म्श,मम
maryokar,मरिकर,मयोर्का
mayorka,मोरका,मयोर्का
mayorkaa,मायरका,मयोर्का
mardaani,मरदनी,मरदानी
mardani,मदानिय,मरदानी
marmar,मराम,मरमर
murmur,मुरुर,मरमर
maratha,मारता,मराठा
marathi,मार्छि,मराठी
marji,मजि,मर्जी
mardanagi,मरदांगी,मर्दानगी
mardangi,मरदंगी,मर्दानगी
mardo,मदो,मर्दों
mardon,मदोन,मर्दों
maryaadaa,मर्यादा,मर्यादा
maryada,म्यादा,मर्यादा
maryaadaaon,मर्यादाओं,मर्यादाओं
maryadaon,म्यादाओं,मर्यादाओं
malaga,मागाजा,मलागा
malaar,मलार,मलार
malar,लार,मलार
mashrak,मशाक्ष,मशरक
masaaledaar,मसालेदार,मसालेदार
masaledaar,मसलेदार,मसालेदार
masaledar,मसलेदार,मसालेदार
masoor,मोर्व,मसूर
masur,मसर,मसूर
masse,मसे,मस्से
mahakane,महकने,महकने
mahakne,माजने,महकने
mahkane,माखने,महकने
mehkane,मेकने,महकने
mahalon,महोन,महलों
mahlon,ालों,महलों
mahagranth,महागृम्ध,महाग्रंथ
mhagranth,महारंथ,महाग्रंथ
mahajan,ाजाजन,महाजन
mhajan,हजन,महाजन
mahathir,महत्र,महाथिर
mhathir,महिर्थ,महाथिर
mahanatam,महनतम,महानतम
mahantam,महंतम,महानतम
mhantam,मांतम,महानतम
mahanideshak,महनिदेशक,महानिदेशक
mahanirdeshak,महनिर्देशक,महानिदेशक
mhanideshak,मानिदेशक,महानिदेशक
mahapauron,महापुरों,महापौरों
mhapauron,माउपरों,महापौरों
mahapran,महपरण,महाप्राण
mhapran,माप्रण,महाप्राण
mahamantr,महमंत्र,महामंत्र
mahamantra,महमंत्रा,महामंत्र
mhamantra,महांत्र्व,महामंत्र
maharaja,महाजारा,महाराजा
mahavigyan,महविग्यान,महाविज्ञान
mhavidyan,महिद्यान्ञ,महाविज्ञान
mahavidya,महविद्य,महाविद्या
mhavidya,महिद्या,महाविद्या
mahavishnu,महाविशनु,महाविष्णु
mahasingh,महसिंध,महासिंह
mahasinh,महसिल,महासिंह
mahipal,महियल,महिपाल
mahin,ामिन,महीन
mahinon,माइनों,महीनों
maang,जंग,मांग
mang,ंग,मांग
mangani,मंगनी,मांगनी
mangni,मंगिय,मांगनी
maanga,नगा,मांगा
manga,नगा,मांगा
maangi,मंगि,मांगी
mangi,मंबी,मांगी
maange,मंगे,मांगे
mange,मंबे,मांगे
mango,मगो,मांगो
maori,मारि,माओरी
maajin,मजीन,माजिन
majin,जानिन,माजिन
mathe,मथे,माथे
mathey,मथी,माथे
maap,प्स,माप
map,प,माप
mop,प्य,माप
mamooli,मूलि,मामूली
mamuli,मुलि,मामूली
mame,मे,मामे
maarvaad,मारवाद,मारवाड़
marvad,मवाद,मारवाड़
marwar,मवर्ह,मारवाड़
maariya,मारिया,मारिया
mariya,मिया,मारिया
maariyo,मारियो,मारियो
mario,रियो,मारियो
mariyo,मियो,मारियो
martha,म्थारा,मार्था
maalish,मालिश,मालिश
malish,लिश,मालिश
mave,मी,मावे
mavey,मवी,मावे
maas,सास,मास
mas,स,मास
mass,सस,मास
maason,ासोन,मासों
mason,सोन,मासों
mitaao,मिताओ,मिटाओ
mitao,पताओ,मिटाओ
mithaai,मिभाई,मिठाई
mithai,न्थाई,मिठाई
media,मेदाया,मिडिया
mithila,मिहाला,मिथिला
mithilanchal,मिभालंचल,मिथिलांचल
mithya,मिवा,मिथ्या
mimicry,मिक्रिय,मिमिक्री
milkiyat,मिकियत्त,मिल्कियत
misha,नशा,मिशा
mungeri,मंबरी,मुंगेरी
mundva,मुंवा,मुंडवा
mundwa,मंभा,मुंडवा
munshiganj,मुंशनग्ज,मुंशीगंज
mukarte,मुकर्त,मुकरते
mukartey,मुकर्तिय,मुकरते
mukhopadhyaya,मुखोष्याया,मुखोपाध्याय
mukhyopadhyaay,मुख्युपाध्याय,मुखोपाध्याय
mukhyamantri,मुख्यमंत्रि,मुख्यमंत्री
munaf,न्युफ,मुनाफ
munafa,नुफा,मुनाफा
munnu,न्नु,मुन्नू
mufalisi,मुलिसिय,मुफलिसी
muflisi,मुलिसि,मुफलिसी
mubarakpur,मुबरकुर्र,मुबारकपुर
mubarkpur,मुबर्कृत,मुबारकपुर
murjha,मृझा,मुर्झा
multae,मुताए,मुल्ताई
multai,मुताइब,मुल्ताई
mushahid,मुहिद्ध,मुशाहिद
muhavare,मुहवरे,मुहावरे
muhavre,मुहरी,मुहावरे
mooth,ोथ,मूठ
muth,त्थ,मूठ
mood,ोद्ध,मूड
mud,द्द,मूड
moodi,ोदि,मूडी
moody,ोद्य,मूडी
mool,ोल,मूल
mul,ल्ल,मूल
moolchand,ोलचंद,मूलचंद
mulchand,ध्नांद,मूलचंद
moolar,ोराल्र,मूलर
mular,लुर,मूलर
muller,मुलर,मूलर
moolon,ोलों,मूलों
mulon,लोन,मूलों
maxico,मकिको,मेक्सिको
mexico,न्सिकोस,मेक्सिको
mega,ेजा,मेगा
megapixal,मेक्पिसनर,मेगापिक्सल
megapixel,मेक्सिक्लेज,मेगापिक्सल
mejbaan,मबाजन,मेजबान
mejban,ेजबन,मेजबान
mezbaan,मबाजन,मेजबान
mejabani,माबानिन,मेजबानी
mejbaani,मबाजिनी,मेजबानी
mejbani,मबानिय,मेजबानी
mezabani,मेबानिन,मेजबानी
mejbaan,मबाजन,मेज़बान
mejban,ेजबन,मेज़बान
mezbaan,मबाजन,मेज़बान
mejbaani,मबाजिनी,मेज़बानी
mejbani,मबानिय,मेज़बानी
mezbaani,मेबानि,मेज़बानी
mate,मेट,मेट
met,ेट,मेट
mates,मेस्स,मेट्स
medical,मेडियल,मेडीकल
methanol,मेशनल,मेथेनॉल
menu,नु,मेनू
mem,म,मेम
melaghaat,मेजात्त,मेलघाट
melghat,ल्घत्थ,मेलघाट
melaanin,मेलानिन,मेलानिन
melanin,मेनिन,मेलानिन
melaani,मेलानि,मेलानी
melani,मेनिय,मेलानी
maheman,महमन,मेहमान
mehamaan,महामन,मेहमान
mehaman,लमान,मेहमान
mehmaan,म्षान,मेहमान
mehman,ल्मान्न,मेहमान
meharaam,महराम,मेहराम
mehram,ल्रम,मेहराम
macbook,क्बूक,मैकबुक
matix,स्तिक्ष,मैट्रिक्स
matrix,मतिप्स,मैट्रिक्स
mad,द्ज,मैड
made,मेड,मैड
maid,ाल्द,मैड
maddy,मद्य,मैडी
maidi,अदिब,मैडी
main,नें,मैन
man,न,मैन
men,नें,मैन
mainan,निनां,मैनन
menon,नोन,मैनन
manner,न्नर्र,मैनर
maina,निया,मैना
maine,माइन,मैने
marrej,र्रज्ज,मैरेज
marriage,मरिजेग,मैरेज
merraige,मरिगेज,मैरेज
maisachusets,मैसचास्टस्त,मैसाचुसेट्स
massachusetts,मससुस्तित्स,मैसाचुसेट्स
maisor,नासर,मैसोर
maisore,मैसरे,मैसोर
mysore,म्योरेश,मैसोर
mod,ोड़,मॉड
mode,मड़े,मॉड
modern,मोर्नेज,मॉडर्न
module,मोदले,मॉड्यूल
modules,मोल्सेस,मॉड्यूल्स
modyuls,मोलिज्स,मॉड्यूल्स
mauritious,मौरिकोश,मॉरिशस
mauritius,मौरिक्ष,मॉरिशस
mogali,मगलि,मोगली
mowgli,माइजिल,मोगली
motive,मोवेश,मोटिव
mol,ोल,मोल
mold,ोल्ड,मोल्ड
moshe,मशे,मोशे
mosad,ोसद,मोसाद
mohana,महना,मोहाना
mohani,महनि,मोहानी
mohini,महिनि,मोहिनी
mohim,महिम,मोहिम
maukon,ाउकों,मौकों
mauma,मामा,मौमा
maurya,मौरा,मौर्या
morya,मर्य,मौर्या
maurya,मौरा,मौर्यों
mauryon,मौरों,मौर्यों
moryon,मरिन,मौर्यों
maulaviyon,मौलवियों,मौलवियों
maulvidon,मौर्विदों,मौलवियों
maulviyon,मौर्वियों,मौलवियों
maule,मौल,मौले
mauley,मौली,मौले
mausa,जसा,मौसा
yatn,ांक,यत्न
yatna,यंा,यत्न
yada,जा,यदा
yda,दा,यदा
yaduvansh,याधपांश,यदुवंश
yaduwansh,याधवांस,यदुवंश
jerusalem,जरसल्मेम,यरूशलेम
yarooshaleim,योरशालिम,यरूशलेम
yarushalem,यृषल्म,यरूशलेम
yashpaal,यशपाल,यशपाल
yashpal,यशनाल,यशपाल
yaatna,यतना,यातना
yatna,यंा,यातना
yaatanaon,यतनाओं,यातनाओं
yatnaon,यंकों,यातनाओं
yarayan,यायन,यात्राएं
yatraein,यतायिन,यात्राएं
yatraen,यतायन,यात्राएं
yaariyan,यारियां,यारियां
yariyan,यियान,यारियां
yaari,यारी,यारी
yari,यृ,यारी
yugam,नगम,युग्म
yugm,नग्म,युग्म
yuddhrat,युद्रत्त,युद्धरत
yudhrat,युधरत,युद्धरत
ukrainian,उकृणियां,यूक्रेनियन
ukranian,उकृणिन,यूक्रेनियन
jerusalem,जरसल्मेम,येरुशलम
yorker,योरेवर,यॉर्कर
yojanaein,योजनाइन,योजनाएं
yojanaen,योजनाएं,योजनाएं
yojanaye,योजनाय,योजनाएं
rangate,रंताते,रंगते
rangte,रंते,रंगते
rangkata,रंकता,रंजकता
ranjkatha,रंकताथा,रंजकता
ranjkta,रंकता,रंजकता
raees,येस,रईस
rais,यस,रईस
raktaabh,रकतभ,रक्ताभ
raktabh,रक्भाब,रक्ताभ
rakhna,रखना,रखना
raghupati,रघपति,रघुपति
raghuram,राघरम,रघुराम
registerd,रेसिट्रेड्ड,रजिस्टर्ड
registered,रेसिस्टर्ड,रजिस्टर्ड
ratanpur,रत्पुर्ध,रतनपुर
runners,लंर्स्स,रनर्स
rayan,यान,रयान
ryan,यान,रयान
ralhan,रहन,रल्हन
ravish,राइश,रविश
ravael,रवाल,रवैल
ravel,राइल,रवैल
rawail,रावल,रवैल
rasad,राजद,रसद
rasaayanik,रासानिक,रसायनिक
rasaayanika,रसायनिका,रसायनिक
rasayanika,रसानिका,रसायनिक
rasyanik,रासनिक,रसायनिक
rasaayanon,रसायोनों,रसायनों
rasayanon,रासनों,रसायनों
rahamat,रामत्थ,रहमत
rahmat,र्मत्थ,रहमत
rhamat,हमत्थ,रहमत
rahenge,रेंगे,रहेंगे
rahegi,रेगि,रहेगी
rounder,रोंडर,राउंडर
raak,क्क,राक
rak,क,राक
raakhe,रखे,राखे
rakhe,रखे,राखे
raagon,रगों,रागों
ragon,ाजोन,रागों
raghavan,राघनान,राघवन
raaj,जाज,राज
raj,ज़,राज
rajkot,रकोत,राजकोट
rajtantra,राजतंत्र,राजतंत्र
raajneetikaran,राजनीतिकारण,राजनीतीकरण
rajneetikaran,राजीतिकरण,राजनीतीकरण
rajnitikaran,राजितिकरण,राजनीतीकरण
rajma,र्मा,राजमां
rajman,रांजन,राजमां
raajasva,राजसवा,राजस्व
rajasva,रजसवा,राजस्व
raaji,राजी,राजी
raji,रिब,राजी
rajinaama,राजिनामा,राजीनामा
rajinama,राजिनमा,राजीनामा
raajon,राजन,राजों
rajon,रोन,राजों
rana,ना,राणा
raatrichar,रातृचार,रात्रिचर
ratrichar,रतिचार,रात्रिचर
raadhe,राधे,राधे
radhe,राधे,राधे
ranapur,रानुर्र,रानापुर
rabin,रबीन,राबिन
robin,रेइन,राबिन
rabha,भा,राभा
ramkot,रकोत,रामकोट
ramkote,रापोते,रामकोट
ramtek,र्तेक्ख,रामटेक
rampur,रपुर,रामपुर
rambharose,राधरोस,रामभरोसे
rambharosey,राधारोसिय,रामभरोसे
ramraj,र्मज्ध,रामराज
raalod,रोद्ध,रालोद
ralaud,राउद,रालोद
ralod,रोद,रालोद
ravaley,रवली,रावले
ravle,राइल,रावले
rasayanik,रासनिक,रासायनिक
racreation,रक्रेशन,रिक्रिएशन
recreation,रेक्रेशन,रिक्रिएशन
rig,िग,रिग
riggs,िज्स,रिग्स
rigs,िज्स,रिग्स
richual,रिखल,रिचुअल
ritual,रिबल,रिचुअल
reduction,रेक्शनियों,रिडक्शन
ripan,िपान,रिपन
ripon,रिनों,रिपन
ria,या,रिया
riya,यिया,रिया
rishte,र्च्ते,रिश्ते
rishtey,रित्वे,रिश्ते
risane,रिजने,रिसने
risaney,रिजनी,रिसने
risne,रिने,रिसने
rihana,रीना,रिहाना
rihanna,रिन्ना,रिहाना
regal,रेजल,रीगल
rigal,रिजल,रीगल
reasonal,रेसनाल,रीजनल
regional,रेजिनल,रीजनल
retreate,रेत्रेट,रीट्वीट
retweet,रेवेत,रीट्वीट
reeta,यतावा,रीता
rita,र्ता,रीता
rukate,रकते,रुकते
rukte,रक्ते,रुकते
ruktey,रक्तिय,रुकते
rugan,ग्जन,रुग्ण
rugna,लगाना,रुग्ण
ruganta,रगंता,रुग्णता
rugnata,रगामता,रुग्णता
rojvelt,रोवेल्ट,रुजवेल्ट
roojwelt,रोजिलत,रुजवेल्ट
roosevelt,रोसील्ट,रुजवेल्ट
rodolph,रोल्फ,रुडोल्फ
rudolf,रदल्फ,रुडोल्फ
rudolph,रदोल्ध,रुडोल्फ
roopesh,रुस्ष,रुपेश
rupesh,रपेश,रुपेश
ruby,रबी,रुबी
roomani,रुणिय,रुमानी
rumani,रमानि,रुमानी
rukavaton,रकवतों,रूकावटों
root,ूत,रूट
route,रूते,रूट
rooting,रोंग,रूटिंग
routine,रोतिने,रूटिंग
routing,रोक्गेंग,रूटिंग
roots,ोत्स,रूट्स
routes,रोसेस,रूट्स
roopak,ूपक,रूपक
rupak,पुक,रूपक
roopi,रुइगी,रूपी
rupi,रिबी,रूपी
rantle,र्कले,रेंटल
rental,रेंडल,रेंटल
registan,रेसिस्तन,रेगिस्तान
registani,रेसिस्तानि,रेगिस्तानी
reja,यजा,रेजा
reza,लाजा,रेजा
rate,रेट,रेट
rate,रेट,रेत
ret,यत,रेत
refaeli,रियालि,रेफेली
refeli,रिलिय,रेफेली
reshe,रेश,रेशे
reshey,रेशी,रेशे
race,रेक,रेस
rese,रेस,रेस
racer,रेसर,रेसर
recer,रिसर,रेसर
racing,रकिंग,रेसिंग
reson,योंजन,रेसों
rehaana,रहना,रेहाना
rehana,राना,रेहाना
racketeer,रकेटर,रैकेटियर
racketier,रकेटरियर,रैकेटियर
rectare,रेकरे,रैकेटियर
radical,रादिकल,रैडिकल
raidical,रैदिकल,रैडिकल
raith,यथ,रैथ
rapping,रपिंग,रैपिंग
wrapping,वप्पिंग,रैपिंग
robertsan,रोब्रसंसन,रॉबर्टसन
robertson,रोब्रस्मों,रॉबर्टसन
robinson,रोइंसन,रॉबिंसन
royals,रियस्ल,रॉयल्स
rojlin,रोलिन,रोजलिन
rozlyn,राजिन,रोजलिन
rotation,रोतिनों,रोटेशन
rodrigo,रोदिजों,रोड्रिगो
ronaldo,रोनदोड़ो,रोनाल्डो
ronit,लित,रोनित
roni,लिन,रोनी
ropane,रोनेज,रोपने
ropaney,रोनेय,रोपने
ropne,र्नेन,रोपने
robin,रेइन,रोबिन
roya,रया,रोया
rollers,रोल्स्स,रोलर्स
rovan,रान,रोवन
rowan,ोनान,रोवन
rosario,रोसियो,रोसारियो
rosariyo,रोरियोस,रोसारियो
raubadaar,रौबदार,रौबदार
raubadar,राबदार,रौबदार
raubdar,राबदार,रौबदार
landara,लंदारा,लंगड़ा
langada,लंगादा,लंगड़ा
langda,नगदा,लंगड़ा
langar,नगर,लंगर
langaron,लंबरों,लंगरों
langron,नगृमों,लंगरों
lambi,ल्बि,लंबी
lakeer,लाइवर,लकीर
lakir,नाकृ,लकीर
lakiron,लाइरोन,लकीरों
lakme,ल्मेश,लक्मे
lakshmidhar,लक्ष्रिधार,लक्ष्मीधर
lakshmighar,लक्षिधार,लक्ष्मीधर
lakshy,लाश्य,लक्ष्य
lakshya,ल्श्या,लक्ष्य
lakshyon,ल्स्यों,लक्ष्यों
lux,न्क्स,लक्स
laksar,लकार्ज,लक्सर
luxor,लकोर,लक्सर
lakhkhi,लखि,लख्खी
lagna,जना,लगना
laganewale,लगनेवाले,लगनेवाले
lagnevaaley,लगनवाले,लगनेवाले
lagnewale,लगनवाले,लगनेवाले
lagega,लेगाजा,लगेगा
lajjalu,लजलु,लज्जालु
latkate,लकते,लटकाते
ladki,लकि,लड़की
ladate,लाते,लड़ते
ladte,लते,लड़ते
ladaai,लाबी,लड़ाई
ladai,लाबी,लड़ाई
ladaaiyon,लाजियों,लड़ाईयों
ladaeyon,लाजियों,लड़ाईयों
ladaiyon,लाजियों,लड़ाईयों
lapetane,लास्तने,लपेटने
lapetne,लेटने,लपेटने
labada,लाबा,लबादा
lbada,बाडा,लबादा
labdh,ब्ध,लब्ध
lbdh,ब्ध,लब्ध
lalak,लक,ललक
lalkarata,लकरताता,ललकारता
lalkarta,लकर्ता,ललकारता
lalla,ल्ला,लल्ला
lavasa,लाशा,लवासा
lovasa,ोवसा,लवासा
lassi,लसि,लस्सी
lahanaa,लाना,लहना
lahna,लना,लहना
lehna,लना,लहना
lahraee,लराइव,लहराई
lahrai,लराई,लहराई
lehrayi,लृावी,लहराई
lahalhati,लाहति,लहलहाती
lahlahaati,ल्लहाति,लहलहाती
lahlahati,ल्लहति,लहलहाती
lahsun,लसुन,लहसुन
lasoon,योनां,लहसुन
lanchar,नचार,लांचर
launcher,लांवर,लांचर
lycopene,लकिनें,लाइकोपिन
lime,ल्मे,लाइम
lives,लवेस,लाइव्स
live,लवे,लाईव
laegi,लगी,लाएगी
lagataar,लगतार,लागातार
lagatar,लातार,लागातार
laata,ाता,लाता
lata,ता,लाता
laati,लति,लाती
lati,ारि,लाती
layega,लेगा,लायेगा
lalpur,लपुर,लालपुर
las,ज्स,लास्ट
last,स्त्त,लास्ट
lindbhed,लंभेद,लिंगभेद
lingbhed,लंभेद,लिंगभेद
lindan,न्दान्न,लिंडन
lindn,न्लं,लिंडन
lindon,न्लों,लिंडन
likhakar,लिकरार,लिखकर
likhkar,लिकर,लिखकर
ligar,लिजर,लिगर
liger,लिसर,लिगर
liberation,लिबरोंशन,लिबरेशन
libration,लित्रिक्ण,लिबरेशन
liberation,लिबरोंशन,लिब्रेशन
libration,लित्रिक्ण,लिब्रेशन
leaderon,लेडरन,लीडरों
leedaron,लेदरों,लीडरों
lidaron,ल्दरों,लीडरों
liidaron,लिदारों,लीडरों
louis,लिस,लुईस
luis,लिस,लुईस
ludhakate,लुकतेता,लुढ़कते
ludhkate,लुकतेश,लुढ़कते
lurhakate,ल्रकते,लुढ़कते
lutf,ुर्ग,लुत्फ
lumding,ल्मिंग,लुमडिंग
lootmaar,लूमार,लूटमार
lootmar,ोत्रार्ध,लूटमार
landal,लंदल,लेंडल
lendal,लंदल,लेंडल
lega,लगा,लेगा
legaa,लगा,लेगा
letakar,लेकर,लेटकर
letkar,लेकर,लेटकर
lenevali,लेवालिय,लेनेवाली
lenewali,लेवालिय,लेनेवाली
label,लेबल,लेबल
labeling,लाइलिंग,लेबलिंग
labelling,लाइलिंग,लेबलिंग
labelo,लेजोल,लेबलों
labelon,लेजनों,लेबलों
lebalon,लबलों,लेबलों
lemon,लों,लेमन
laingadan,लंगदन,लैंगडन
langdon,नगदों,लैंगडन
lengdan,लंगंज,लैंगडन
laigikata,लगिकता,लैंगिकता
laingikta,लंगिक्ता,लैंगिकता
lanset,लसेत्त,लैंसेट
lenset,लेस्टेट,लैंसेट
lairi,यरि,लैरी
lairy,लाय्री,लैरी
larry,ल्रिय,लैरी
lace,योस,लैस
less,ेस्स,लैस
locket,लकेट,लॉकेट
laundry,लंद्री,लॉन्ड्री
longewal,लंगवाल,लोंगोवाल
longewala,लंबोला,लोंगोवाल
longoval,लंकाल,लोंगोवाल
log,लग,लोग
loge,लगे,लोगे
lochdar,लचदर,लोचदार
lodi,लदी,लोदी
laurence,लारेंस,लौरेंस
laurens,लारेंस,लौरेंस
laurense,लारेंसे,लौरेंस
wonder,यंडर,वंडर
vansh,नश,वंश
vanshdhar,वंधार,वंशधर
vanshavad,वंशात,वंशवाद
vanshvaad,वंवादाद,वंशवाद
vanshvad,वंवाद,वंशवाद
wanshwad,वंशात,वंशवाद
vajood,वोद्ध,वजूद
vajud,वुद्ध,वजूद
wajood,वोद्ध,वजूद
vadali,वादिल,वडाली
vadli,वालि,वडाली
wadali,वादिल,वडाली
vanita,विता,वनिता
vareinye,वरिनी,वरेण्य
varenya,वर्निया,वरेण्य
varn,न्यम,वर्ण
varna,वनारा,वर्ण
varnit,वानित,वर्णित
vartamaan,वर्मानान,वर्तमान
vartaman,वरमानान,वर्तमान
vartmaan,वर्मानान,वर्तमान
vartman,वर्मनाम,वर्तमान
varddhaman,वर्धमनां,वर्द्धमान
vardhmaan,वृमानान,वर्द्धमान
vardhman,वृमानान,वर्द्धमान
verbal,वर्बल,वर्बल
varshan,वशान,वर्शन
vasharan,वशालन,वर्शन
vershan,वृष्ण,वर्शन
version,वर्सन,वर्शन
varsaache,वरस्खे,वर्साचे
varsaryache,वर्स्याचि,वर्साचे
vasearche,वस्रचे,वर्साचे
valkan,वंकन,वल्कन
valkkan,वंकन,वल्कन
velkan,वलकन,वल्कन
vash,श्भ,वश
vashikaran,वशिकरण,वशीकरण
vaangchuk,वंचुक,वांगचुक
vangchuk,वंचुक,वांगचुक
wangchuk,वंचुक,वांगचुक
want,ंत,वांट
vije,वाजी,वाइज
vise,विज,वाइज
wise,वेज,वाइज
vatar,वार्ट,वाटर
water,वतर,वाटर
watson,वसों,वाटसन
wattson,वत्सों,वाटसन
vaan,न,वाण
waan,न,वाण
vaanon,वनों,वाणों
vanon,नोन,वाणों
wanon,नोन,वाणों
vatanukulan,वतनुकलन,वातानुकूलन
watanukoollan,वतनुकल्लान,वातानुकूलन
vaadak,ादक,वादक
vadak,जक्क,वादक
vaadiyon,वादियों,वादियों
vadiyon,वादियों,वादियों
wadiyon,वादियों,वादियों
vayana,वाना,वायना
vayna,वना,वायना
wayna,वना,वायना
wireless,वरेज्सेस,वायरलेस
wirerless,वर्लस्सेस,वायरलेस
warrior,वरोर,वारियर्स
warriors,वरिर्स,वारियर्स
valve,वली,वाल्व
wolv,यर्व,वाल्व
vastavik,वस्तिक्ख,वास्तविक
vastvik,वस्तिक,वास्तविक
vaahikayen,वाहिकाएं,वाहिकाएं
vahikayen,वहिकाएं,वाहिकाएं
wahikayan,वाहिकाना,वाहिकाएं
winter,यंतर,विंटर
vincent,विंक्ट,विंसेंट
vikalpon,विकलुन,विकल्पों
wicket,विक्ट,विकेट
vikramjeet,विकृमेतित,विक्रमजीत
vikramjit,विकृमित्त,विक्रमजीत
vichaarakon,विकरकों,विचारकों
vicharakon,विकरकों,विचारकों
vigyan,विजन,विज्ञान
vigyaani,विज्ञानि,विज्ञानी
vigyani,विजनि,विज्ञानी
vigyaanon,विज्ञानों,विज्ञानों
vigyanon,विजनों,विज्ञानों
vitthal,विथल,विट्ठल
viththal,व्थाफल,विठ्ठल
vitthal,विथल,विठ्ठल
vitark,व्ताप्ब,वितर्क
vidhaaein,विधाएं,विद्याएं
vidyaayein,विज्याइन,विद्याएं
vidyaen,विजाएं,विद्याएं
vidhaaon,व्धाओं,विद्याओं
vidyaaon,विजायों,विद्याओं
vidyaon,वांबाओं,विद्याओं
vidhansabhaein,विधनसाभाएं,विधानसभाएं
vidhansabhaen,विधनसाभाएं,विधानसभाएं
vidhivat,वृभत्त,विधिवत
vidhut,वुद्त,विधुत
vinasht,विंथ्ट,विनष्ट
vineet,यित्त,विनीत
vinit,िनित,विनीत
vipreetataa,विप्रताता,विपरीतता
vipritata,विपृतता,विपरीतता
vipra,विरा,विप्रा
vipro,विरो,विप्रो
wipro,विरो,विप्रो
vibha,वभा,विभा
vibhajak,वभाजक,विभाजक
vibhram,विध्रम,विभ्रम
vibhrm,विध्म,विभ्रम
vibram,विर्म,विभ्रम
vimarsh,व्मश्ष,विमर्श
vimarsho,व्मरोशो,विमर्शों
vimarshon,व्मरोंशन,विमर्शों
virajati,वृजति,विराजती
virechan,वृषन,विरेचन
virodh,वृद्ध,विरोध
virodhabhasi,वृदभासि,विरोधाभासी
virodhabhason,विर्धबसों,विरोधाभासों
vividh,विध्ध,विविध
vivekahin,विवागियां,विवेकहीन
vivekheen,विवाइन,विवेकहीन
visheshan,विशानां,विशेषण
visheshanon,विशेंशन,विशेषणों
visheshaadhikaar,विशेशाधिकार,विशेषाधिकार
visheshadhikar,विशेष्धिकर,विशेषाधिकार
vishwasaniy,विश्वसनिय,विश्वसनीय
vishwasniiya,विश्वसनिया,विश्वसनीय
vishwasaniyata,विश्वसनियता,विश्वसनीयता
vishwasniiyataa,विश्वसनियत्य,विश्वसनीयता
vishahin,विशीन,विषहीन
vishhin,वशिन,विषहीन
vishanu,वशनु,विष्णु
vishnu,व्षुन,विष्णु
vlc,फिक,वीएलसी
weeks,विस्क,वीक्स
veerchand,वृषंद,वीरचंद
virchand,वृंद्ध,वीरचंद
veeresh,वीश्ध,वीरेश
viresh,वृष्ष,वीरेश
vritton,वितों,वृत्तों
vruton,वृतन,वृत्तों
vrutton,वृतों,वृत्तों
venkataraman,वनकतरमान,वेंकटरमन
venkatraman,वनकत्रमान,वेंकटरमन
ved,ेद,वेड
wade,वादे,वेड
wed,यद,वेड
wedding,वाद्दिंग,वेडिंग
vediyon,वेदियों,वेदियों
vedon,वांडन,वेदों
venezuela,वेनहिलाला,वेनेजुएला
veronica,वरणिका,वेरोनिका
veronika,वरणिका,वेरोनिका
weronika,वरणिका,वेरोनिका
velvet,वेरेट,वेलवेट
welwet,वेयात्त,वेलवेट
welder,वेलर्ट,वेल्डर
weldor,वेलोर,वेल्डर
welding,वेलिंग,वेल्डिंग
wealth,वाल्थ,वेल्थ
vellur,वेलर,वेल्लूर
velur,वलर,वेल्लूर
vesh,वश,वेश
wasting,वस्तिंग,वेस्टिंग
westing,वेस्टिंग,वेस्टिंग
wastinghouse,वस्तिंशों,वेस्टिंगहाउस
westinghouse,वेस्तिंशों,वेस्टिंगहाउस
vaisley,वैसली,वेस्ले
vesle,वेंज,वेस्ले
wesle,वेले,वेस्ले
vaigyaanik,वैज्ञानिक,वैज्ञानिक
vaigyanik,वैज्ञानिक,वैज्ञानिक
vegyanik,वेजनिक,वैज्ञानिक
vaigyaanikta,वैग्यानिक्त,वैज्ञानिकता
vaigyanikata,वैग्यानिकता,वैज्ञानिकता
vaigyanikta,वैग्यानिक्त,वैज्ञानिकता
vaitravati,वैत्राविति,वैत्रवती
vaitrawati,वैत्रवाति,वैत्रवती
vaimanasy,वानांस्य,वैमनस्य
vaimanasya,वैनामस्या,वैमनस्य
vaimanya,वानन्या,वैमनस्य
very,वरी,वैरी
vaisaakh,वसाख,वैशाख
vaishakh,वशाख,वैशाख
vaishaakhi,वैशकी,वैशाखी
vaishakhi,वाशकी,वैशाखी
vaishnodevi,वैशनोदिवी,वैष्णोदेवी
vyaktigat,व्यक्तितात,व्यक्तिगत
vyagr,वाज्र,व्यग्र
vyagra,व्याध्र,व्यग्र
vyatit,वातित,व्यतीत
vytit,व्तित,व्यतीत
vyabhichar,व्यभिकर,व्यभिचार
vyabhichari,व्यभिकरी,व्यभिचार
vyavadhan,व्याधनान,व्यवधान
vyavdhan,व्वधन,व्यवधान
vyavahargat,व्याहर्गत्त,व्यवहारगत
vyvhargat,व्वाधास्तत,व्यवहारगत
vyaghat,वाघात,व्याघात
vyapak,वापक,व्यापक
vlad,याद्ल,व्लाद
wlaad,वाल्ड,व्लाद
vladimir,वलादिर्र,व्लादिमीर
shanghai,शंबी,शंघाई
shatpath,शत्थ,शतपथ
shanivar,शनवर,शनिवार
shaniwar,शनवार,शनिवार
shabana,शाना,शबाना
shbana,शाना,शबाना
shabdarth,शबर्थ,शब्दार्थ
shamadan,शामनां,शमादान
shmadan,शांदन,शमादान
shamitabh,श्मभाब,शमिताभ
shamil,श्मिल,शमिल
shmil,श्मल,शमिल
sharabon,शारों,शराबों
shrabon,श्रों,शराबों
shararat,शरत्थ,शरारत
shrart,शर्त,शरारत
sharmana,श्रणाना,शर्माना
shaharwasiyon,शारवासियों,शहरवासियों
shahrvasiyon,श्रवासियों,शहरवासियों
shervasiyon,श्रवसियों,शहरवासियों
shahdara,शादरा,शहादरा
shaantikaal,शांतियाल,शांतिकाल
shantikal,श्किकल,शांतिकाल
shaao,ाओ,शाओ
shao,ाओ,शाओ
shaakir,शकीर,शाकिर
shakir,सकृर,शाकिर
shaakhaaen,शाकाएं,शाखाएं
shakhayan,शाकन,शाखाएं
shakhayen,शाकें,शाखाएं
shayak,यक्क,शायक
shaavakon,शावकों,शावकों
shavakon,शाकों,शावकों
shavkon,शाकों,शावकों
shaasaka,ससका,शासक
shasak,साक्क,शासक
sasakon,साकों,शासकों
shaasakon,शासकों,शासकों
shasakon,शाकों,शासकों
shipra,शिरा,शिप्रा
shirke,श्रियो,शिर्के
sheershakon,शीरकों,शीर्षकों
shirshakon,श्रकोंगों,शीर्षकों
shirshkon,श्रकों,शीर्षकों
shujaat,शुात,शुजात
shujat,शाकत,शुजात
shooting,शूंग,शुटिंग
shutting,श्तिंग,शुटिंग
should,उल्द,शुड
shud,धाद,शुड
shubhankar,शुखंकर,शुभंकर
shumaali,शुालि,शुमाली
shumali,शुलि,शुमाली
shringaar,श्रंगार,शृंगार
shringar,श्रंबर,शृंगार
shrungar,श्रंबर,शृंगार
sheling,शेनंग,शेलिंग
shelling,शेलिंग,शेलिंग
shaili,शालि,शैली
shaly,य्य,शैली
sheli,शेली,शैली
shaishav,शायवश,शैशव
sean,एंज,शॉन
shaun,नां,शॉन
shawn,न्यां,शॉन
short,ोर्त,शोर्ट
sure,सरे,श्योर
shrankhala,श्रंभला,श्रंखला
shrankhalaa,श्रंखला,श्रंखला
shrunkhla,श्रुंला,श्रंखला
shrankhalaaon,श्रंभलाओं,श्रंखलाओं
shrinkhalaon,श्रंभालाओं,श्रंखलाओं
shrunkhlaon,श्रुंलाओं,श्रंखलाओं
shravani,श्रानिय,श्रावणी
shrikar,श्राकर,श्रीकर
shrikhand,श्रांधं,श्रीखंड
shrimati,श्रतिति,श्रीमति
shriram,श्रमाम,श्रीराम
sriram,रिरम,श्रीराम
shrotaon,श्रोतन,श्रोताओं
shat,त्थ,षट्
sankhyaein,संखाएं,संख्याएं
sankhyaen,संखाएं,संख्याएं
sankhyayen,संखयां,संख्याएं
sanghanit,संघित,संघनित
sanghnit,संघित,संघनित
sanchayan,स्कायनान,संचयन
sanchar,स्कर्ह,संचार
sanchaari,स्कारिय,संचारी
sanchari,स्करिही,संचारी
sanchalanon,संभनों,संचालनों
sanchalnon,स्नालनों,संचालनों
sanjay,संज्य,संजय
sanjeevan,संबीयन,संजीवन
sanjivan,संबिना,संजीवन
santati,स्तति,संतति
sandarbh,संद्रभ,संदर्भ
sandarbha,संद्रभा,संदर्भ
sandrbh,संध्ब,संदर्भ
sandarbhon,संद्रुओं,संदर्भों
sandrbhon,संध्रों,संदर्भों
sandali,संदिल,संदली
sandli,संदि,संदली
sandhan,ंधन,संधान
samprati,स्परति,संप्रति
samprti,स्प्तिव,संप्रति
samprabhu,संपभू,संप्रभु
samprbhu,संपुभू,संप्रभु
samprabhuta,संपभूता,संप्रभुता
samprbhuta,संपुत्ता,संप्रभुता
sambit,स्बित,संबित
sambhalane,संभने,संभालने
sambhalne,स्धालने,संभालने
sambhrant,स्धृंत,संभ्रांत
sanbharnt,संभमत,संभ्रांत
sanyog,स्योग,संयुक्त
sanyukt,स्युक्त,संयुक्त
sanyukta,स्युक्ताव,संयुक्त
sanyukta,स्युक्ताव,संयुक्ता
sanyogvash,स्नोगवाश,संयोगवश
sanyojan,स्योजनान,संयोजन
sanyojanon,स्नोजनों,संयोजनों
sanyojnon,स्नोजनों,संयोजनों
samvedikaran,समवदिकारण,संवेदीकरण
sanvedikaran,संवदिकरण,संवेदीकरण
samshayon,स्मायों,संशयों
sanshayon,संशाओं,संशयों
sanshyon,संशों,संशयों
sanskaar,संसारा,संस्कार
sanskar,संकर,संस्कार
sanskaari,संसारि,संस्कारी
sanskari,संकरि,संस्कारी
sanskrit,संकृत,संस्कृत
sanskurt,संसुर्त,संस्कृत
sanskritiyan,संस्रितियां,संस्कृतियां
sanskrutiyan,संस्रुतियां,संस्कृतियां
sanskritiyon,संस्रितियों,संस्कृतियों
sanskrutiyon,संस्रुतियों,संस्कृतियों
sanasthit,संस्थित,संस्थित
sansthit,संथित,संस्थित
sanasthita,संस्थिता,संस्थिता
sansthita,संतिता,संस्थिता
sakara,सारा,सकरा
sakra,स्रा,सकरा
sakshan,स्खान्ष,सक्शन
suction,स्किंस,सक्शन
sacchidanand,सचिदंदंद,सच्चिदानंद
sachhidanand,स्छिदानंद,सच्चिदानंद
sachidanand,सचिदंदंद,सच्चिदानंद
sajja,जजा,सज्जा
sat,त,सत
satpal,स्ताल्ल,सतपाल
satluj,स्दुज,सतलुज
sataane,सताने,सताने
satane,सांबे,सताने
sate,सेत,सते
satti,स्ति,सत्ती
satvat,स्तात्व,सत्वत
sadanand,सदनंद,सदानंद
sapane,साने,सपने
sapne,स्ने,सपने
sapney,स्पेय,सपने
saparivaar,सपरिवार,सपरिवार
sapariwar,सपरिवार,सपरिवार
sparivar,स्पिवर,सपरिवार
sapaat,सापत,सपाट
sapat,पत्त,सपाट
sapate,सपते,सपाटे
sapatey,सपते,सपाटे
saptakranti,सपत्पांत्पि,सप्तक्रांति
saptkraanti,सप्त्रांतक,सप्तक्रांति
saptapadi,स्पतादिा,सप्तपदी
saptpadi,स्पपदि,सप्तपदी
saptari,स्तरिय,सप्तरी
sapramaan,सप्रमान,सप्रमाण
sapraman,सपरणन,सप्रमाण
submit,सबमित,सबमिट
sabmission,सब्मिसन,सबमिशन
submission,सबमिसन,सबमिशन
sabhaein,सभाएं,सभाएं
sabhaen,सभान,सभाएं
sabhayen,सभाएं,सभाएं
sabhen,शाइं,सभाएं
sabhasadon,सभसदों,सभासदों
sabhyata,स्भाता,सभ्यता
samjhoonga,संहोंगा,समझूंगा
samjhunga,संधगना,समझूंगा
samjhungaa,संधनगा,समझूंगा
saman,मन्जन,समन
samanvayaka,संानयकावा,समन्वयक
samanwayaka,संनवायका,समन्वयक
samnvyak,संव्यक,समन्वयक
samaadhaan,समधान,समाधान
samadhan,संधन,समाधान
samadhiyon,समधियों,समाधियों
samadjiyon,समद्योनियों,समाधियों
samalakha,संलका,समालखा
samalakhaa,संलका,समालखा
samahaar,समहार,समाहार
samahar,सामहर,समाहार
samitiyan,संतियां,समितियां
sametati,स्मेति,समेटती
sametti,स्मेति,समेटती
sarka,स्का,सरका
sarkaa,स्कावा,सरका
sarkarein,सरकारिन,सरकारें
sarkaren,सरकालन,सरकारें
sarkaaron,स्रकरण,सरकारों
sarkaron,स्रापों,सरकारों
sargana,स्दनाना,सरगना
sarganaon,स्दानाओं,सरगनाओं
sargi,स्गि,सरगी
sarguja,स्दुजा,सरगुजा
sarjuga,स्लुगा,सरगुजा
sarsa,स्रासा,सरसा
sarsaa,स्रासा,सरसा
sarahind,सारिंद,सरहिंद
sarhind,सहिंद,सरहिंद
sirhind,स्रिंद,सरहिंद
saraaha,साराहा,सराहा
saraha,साहा,सराहा
saraahi,सारी,सराही
sarahi,साहि,सराही
salaahkar,सलावार,सलाहकार
salahkaar,सलावार,सलाहकार
salahkar,सलावार,सलाहकार
saleeb,सीब्ब,सलीब
salib,जिब्ब,सलीब
select,एंस्ट,सलेक्ट
saltanat,स्तानतात,सल्तनत
saltnat,स्तनात्त,सल्तनत
savaal,सावल,सवाल
saval,सायल,सवाल
sawaal,सावल,सवाल
sawal,सायल,सवाल
sahakalaakar,सहकलाकर,सहकलाकार
sahakalakar,साभानकरार,सहकलाकार
sahkalakar,साखलकर,सहकलाकार
sahadev,साधेव,सहदेव
sahdev,स्धेव,सहदेव
sahrawat,सृवत,सहरावत
sherawat,शरावत,सहरावत
sahooliyata,सौलियत्ता,सहूलियत
sahuliyat,सुलियत,सहूलियत
sahuuliyata,सुहियात्ता,सहूलियत
saanketika,संकतिका,सांकेतिक
sanketik,संबतिक,सांकेतिक
saimans,स्मांस्स,साइमंस
simmons,स्मोंस्स,साइमंस
symons,स्मांस,साइमंस
saima,न्मा,साइमा
sagarika,सगरिका,सागरिका
sagrika,सगृका,सागरिका
saga,जा,सागा
saajan,जान,साजन
sajan,जन,साजन
saajsajja,सजसज्ष,साजसज्जा
sajsajja,सजसजा,साजसज्जा
saja,जा,साजा
saathsaath,सत्शात,साथसाथ
sathsath,स्थस्थ,साथसाथ
sathiya,स्विया,साथिया
saabah,सबाह,साबाह
sabah,साभ,साबाह
samanjasy,संजमस्य,सामंजस्य
samanjasya,संजमस्या,सामंजस्य
samoa,सोमा,सामोआ
samoaa,सोमा,सामोआ
saayn,यान,सायं
sayan,यान,सायं
saym,म्स,सायं
saira,यरा,सायरा
sayara,सारा,सायरा
sayra,यरा,सायरा
salve,स्यवे,साल्वे
sahab,जाब,साहब
singapore,स्नगपरो,सिंगापुर
singaar,स्नाबर,सिंगार
singar,स्नार्ब,सिंगार
singer,सिंर्स,सिंगार
singhaadey,स्नघादे,सिंघाड़े
singhade,स्नभादे,सिंघाड़े
singhde,स्नघे,सिंघाड़े
singhre,स्नृह,सिंघाड़े
singhi,स्निभ,सिंघी
singha,न्घा,सिंहा
sinha,न्हा,सिंहा
siera,येरा,सिएरा
sierra,सिरावा,सिएरा
sikud,सिद्द,सिकुड़
signals,सिंजलस,सिगनल्स
cigaretton,केजर्तिं,सिगरेटों
cigretton,सिटर्कों,सिगरेटों
siddhivat,सिधिवत,सिद्धवट
siddhvat,सिध्वत,सिद्धवट
siddhwat,सिध्वत,सिद्धवट
sinabang,सिजांग,सिनाबंग
synapse,स्नपसे,सिनेप्स
sipah,सिव,सिपाह
sipaha,सिवा,सिपाह
sipahiyon,सियाधियों,सिपाहियों
sipahi,सिवि,सिपाही
sim,म्ज,सिम
simat,िमत,सिमट
simatataa,स्पतता,सिमटता
simatta,स्पत्ता,सिमटता
simtata,स्पताता,सिमटता
simtataa,स्पताता,सिमटता
cement,सेंट,सिमटे
simate,स्पते,सिमटे
simi,िमि,सिमी
simmy,स्मिय,सिमी
sims,िस्स,सिम्स
siyasi,सियासी,सियासी
siyah,सियाह,सियाह
siyaha,सिया,सियाह
sirpur,स्रुर्ह,सिरपुर
sivan,िवन,सिवान
siwan,िवन,सिवान
sisva,सिवा,सिसवा
siswa,सिवा,सिसवा
cil,क्ल,सीआईएल
csi,सी,सीएसआई
sikar,सिकर,सीकर
seaten,सेंश,सीटें
sitaram,स्तरम,सीताराम
sitaharan,स्वाहारण,सीताहरण
cpm,म्यम,सीपीएम
cps,स्स,सीपीएस
cbse,स्के,सीबीएसई
seem,यम,सीम
sim,म्ज,सीम
sealed,सेल्द,सील्ड
shield,शील्द,सील्ड
ccd,सीडी,सीसीडी
sugamata,सगमता,सुगमता
sugmta,सगमता,सुगमता
sujan,उजन,सुजेन
sujen,साजन,सुजेन
suken,पकें,सुजेन
sujain,सौजन,सुजैन
sujhaati,साधाति,सुझाती
sujhati,सधाति,सुझाती
sutali,स्तलि,सुतली
sutli,स्तिल,सुतली
suta,ताता,सुता
sdueep,दिप्छ,सुदीप
sudip,उदिप,सुदीप
sudhaargrah,सुधार्ग्रह,सुधारगृह
sudhargrih,सुधाल्रिह,सुधारगृह
sudhargruh,सुधालुध,सुधारगृह
sunaaron,सुनरों,सुनारों
sunaron,नुरोन,सुनारों
sunaseer,सुनसीर,सुनासीर
sunasir,सुनसिर,सुनासीर
suneeti,सुनति,सुनीति
suniti,सुक्थि,सुनीति
sunega,सुनागा,सुनेगा
suneyga,सुनेशा,सुनेगा
superhit,सुर्धित,सुपरहिट
supachy,सुच्य,सुपाच्य
supachya,सुक्षा,सुपाच्य
supachye,सुक्षी,सुपाच्य
subhaay,सभाय,सुभाय
subhay,उभाय,सुभाय
surveen,सुरीन,सुरवीन
survin,सृवन,सुरवीन
surana,परणा,सुराणा
sulkhan,उंभन,सुलखान
suljaayi,सुजायि,सुलझाई
suljayi,सुजयि,सुलझाई
suljhai,सुजाइह,सुलझाई
sulzai,सुलाइज,सुलझाई
sultana,सुतना,सुलताना
sulaati,सुारि,सुलाती
sulati,सुरिब,सुलाती
susanskrit,सुसंकृत्त,सुसंस्कृत
susanskrut,सुसंकृत,सुसंस्कृत
suhagin,सुजिन,सुहागिन
soond,नद्ध,सूंड़
sund,ंद,सूंड़
suiyan,नियां,सूइयां
sukhati,सखति,सूखती
sukhti,सख्ति,सूखती
sukhakar,सुकारार,सूखाकर
soochak,ोचक,सूचक
suchak,चक्क,सूचक
sooja,ोजा,सूजा
suja,जाजा,सूजा
suba,बाबा,सूबा
sube,सबे,सूबे
sooraj,ोरज्ज,सूरज
suraj,परज,सूरज
surinaam,सुरनाम,सूरीनाम
surinama,सुलामामा,सूरीनाम
suriname,सुरनामे,सूरीनाम
suryadev,सुरादीव,सूर्यदेव
sendha,न्धा,सेंधा
senvai,स्नावि,सेंवई
sevai,स्वाइ,सेंवई
sensing,स्निंग,सेंसिंग
sexual,सेकुल,सेक्सुअल
saturday,सतर्दय,सेटरडे
seti,स्ति,सेटी
seto,एसो,सेटो
seth,ेथ,सेथ
safety,स्फेट्व,सेफ्टी
semen,एमेन,सेमिन
semin,एमिन,सेमिन
self,एफफ,सेल्फ
selfie,सेफिय,सेल्फी
save,सी,सेव
sev,यव,सेव
sevakon,स्वकों,सेवकों
sevkon,स्वानों,सेवकों
samuels,संवल्स,सैम्युल्स
celery,सेर्य,सैलरी
salary,सल्य,सैलरी
sakar,कार्य,सॉकर
socar,सियर,सॉकर
soccer,सकर,सॉकर
songs,नगस्स,सॉन्ग्स
solicitor,सोइक्रोर्ट,सॉलिसिटर
sochane,स्कने,सोचने
sochne,स्क्ने,सोचने
sonu,नु,सोनू
soma,मा,सोमा
spma,प्मा,सोमा
somi,ोनि,सोमी
soy,यो,सोय
soya,ोया,सोया
solitaire,सोलितारे,सोलिटेयर
soharai,सहराई,सोहराई
sohrai,स्राही,सोहराई
sohaval,सोहाल,सोहावल
sohawal,सोहाल,सोहावल
saunpane,सुनाने,सौंपने
sonpne,सनपेन,सौंपने
scala,सला,स्काला
skala,साला,स्काला
ski,कि,स्की
scootaron,सुतरण,स्कूटरों
scooteron,स्करों,स्कूटरों
skootaron,सुतरों,स्कूटरों
scandinavia,स्कंदियाविया,स्कैंडिनेविया
scaining,स्किंग,स्कैनिंग
scanning,स्कनिंग,स्कैनिंग
squash,स्काश,स्क्वाश
squash,स्काश,स्क्वैश
skhalan,सालन,स्खलन
stain,साइन,स्टैन
stan,तान,स्टैन
stop,त्प,स्टॉप
stops,स्पस्स,स्टॉप्स
stone,स्केन,स्टोन
straws,स्तास्स,स्ट्रास
stress,स्टेस्स,स्ट्रास
stra,त्रा,स्ट्रे
stray,स्ताय,स्ट्रे
stre,स्ते,स्ट्रे
strocks,स्टिक्स,स्ट्रोक्स
strokes,स्तोसिस,स्ट्रोक्स
stan,तान,स्तन
stanadhari,स्ताधारिय,स्तनधारी
standhaari,स्तंधारी,स्तनधारी
standhari,स्तंधिय,स्तनधारी
sthiti,शिति,स्तिथि
stithi,स्थि,स्तिथि
stuti,स्ति,स्तुति
sthitiyaan,स्तियां,स्थितियां
sthitiyan,स्तियांगी,स्थितियां
sthitiyon,स्तियों,स्थितियों
sthool,शूल,स्थूल
sthul,शुल,स्थूल
sthoolta,सूलता,स्थूलता
sthulata,सुलता,स्थूलता
sneakers,स्नेवर्स,स्नीकर्स
snickers,सिकर्स्स,स्नीकर्स
snikarse,स्नारस्यो,स्नीकर्स
spear,स्पर,स्पीयर
spell,स्पल,स्पेल
spelar,स्पर्ल,स्पेलर
speller,स्पलर,स्पेलर
sprint,प्रिंट,स्प्रिट
sprit,प्रिट,स्प्रिट
spray,स्पाय,स्प्रे
spry,प्रिय,स्प्रे
sfoorti,सुर्ति,स्फूर्ति
sfurti,स्रति,स्फूर्ति
sphoorti,सुर्ति,स्फूर्ति
slide,स्लेश,स्लाइड
slider,स्लेर्र,स्लाइडर
slaaidon,स्लाइंस,स्लाइडों
slidon,सिदों,स्लाइडों
sliders,स्लेर्स्स,स्लाइड्स
slides,स्लेस्स,स्लाइड्स
slice,सिक,स्लाइस
slash,लश,स्लैश
swaroopon,स्रूपों,स्वरुपों
swarupon,स्वुपों,स्वरुपों
swa,वा,स्वा
swaachaalit,स्वाचालित,स्वाचालित
swachalit,स्वालितित,स्वाचालित
swaarthparak,स्वर्थारकाक,स्वार्थपरक
swarthparak,स्वृतरकाक,स्वार्थपरक
swiftlate,स्विटलाटे,स्विफ्टलेट
swiftlet,स्विटलेट,स्विफ्टलेट
sweekarte,स्विकर्ते,स्वीकारते
swikarte,स्वकर्ते,स्वीकारते
sweet,वीत,स्वीट
sweep,विप्ष,स्वीप
sweccha,स्वचाखा,स्वेच्छा
swecha,स्वेखा,स्वेच्छा
swechha,स्वचा,स्वेच्छा
sweta,स्वता,स्वेता
swap,वप,स्वैप
swipe,स्विज,स्वैप
handiya,हंबिया,हंडिया
handiyaa,हंबिया,हंडिया
hundiya,हंधिया,हंडिया
hakikat,हिकत्त,हकीकत
haqeeqat,हिक्तत,हकीकत
hathiya,हिया,हथिया
hamala,हाला,हमला
hamla,हला,हमला
hamalavar,हमारार,हमलावर
hamlavar,हमारार,हमलावर
humlavar,हमलावर,हमलावर
hamaal,हामल,हमाल
hamal,हाल्ल,हमाल
hercules,हर्कलस्स,हरक्यूलिस
hardas,हदास,हरदास
harpaal,हपाल,हरपाल
harpal,हपाल,हरपाल
harvansh,हवांस्ध,हरवंश
haraval,हाराल,हरावल
harawal,हाराल,हरावल
hurricane,हरिकने,हरिकेन
harijan,हिजनान,हरिजन
hariyali,हियलि,हरियाली
harshit,हशित,हर्षित
haldi,हदि,हल्दी
halla,हला,हल्ला
hawamahal,हावमलाल,हवामहल
hawalaat,हायातात,हवालात
hawalat,हालत्त,हवालात
hasino,हिनों,हसीनों
hasinon,हिनोन,हसीनों
haan,न,हां
han,न,हां
haanfte,हंति,हांफते
hafate,हताते,हांफते
hanfte,ह्क्टे,हांफते
higman,हिंमन,हाइमन
hymen,हमें,हाइमन
hadauti,हौति,हाड़ौती
haani,ानि,हानी
hani,नि,हानी
haarjeet,हर्जित,हारजीत
harjeet,हालीत्त,हारजीत
haaranaa,हारणा,हारना
harana,हाना,हारना
harna,रना,हारना
haalchaal,हालचाल,हालचाल
haalchal,हालाफल,हालचाल
halchaal,हिजल,हालचाल
halchal,हिजल,हालचाल
halt,र्त,हाल्ट
hault,हाल्त,हाल्ट
hahakar,हकर,हाहाकार
hingis,हिंसिस,हिंगिस
hindan,िंदन,हिंडन
hindon,िंडन,हिंडन
hijada,हाजादा,हिजड़ा
hijda,हाजादा,हिजड़ा
hijbul,हिबुल,हिजबुल
hippo,इपोक,हिप्पो
hippopotamus,हिपोपत्रमोस्त,हिप्पोपोटेमस
himali,हमालि,हिमाली
hilane,हिनाले,हिलने
hilne,हिने,हिलने
hisham,िशम,हिशाम
heeraganj,हरागंज,हीरागंज
hiraganj,हरागंज,हीरागंज
heroes,हरेस,हीरोज
heros,होस्स,हीरोज
hui,ि,हुईं
huin,िन,हुईं
hooper,ोपर्हर,हूपर
huppar,हपपर,हूपर
hupper,रपर्र,हूपर
hegde,हेदे,हेगडे
hemvati,हमवति,हेमवती
hemwati,हमवति,हेमवती
help,ीप्ल,हेल्प
helper,हिर्यर,हेल्पर
haito,हतो,हैतो
hairam,आराम,हैरम
harem,हार्म,हैरम
herald,हर्द्ल,हैराल्ड
haive,हवे,हैव
have,हेव,हैव
hong,नग,हॉन्ग
half,ल्फ,हॉफ
hoaf,ोफ,हॉफ
hounga,लंखा,होऊंगा
holding,हल्डिंग,होल्डिंग
hoshangabaad,होंगाबादाद,होशंगाबाद
hoshangabad,होंगाबादाद,होशंगाबाद
hostes,हस्तेस,होस्टेस
hostess,हस्तस्स,होस्टेस
